solid OpenSCAD_Model
  facet normal 0 -1 0
    outer loop
      vertex -16 -10 -4
      vertex -14.375 -10 -3.68
      vertex -16 -10 -3.98
    endloop
  endfacet
  facet normal -1 0 0
    outer loop
      vertex -16 -10 -4
      vertex -16 -10 -3.98
      vertex -16 -2 -4
    endloop
  endfacet
  facet normal -0.18154747945610325 0 0.9833821803872266
    outer loop
      vertex -16 -10 -3.98
      vertex -14.375 -10 -3.68
      vertex -14.375 -2 -3.68
    endloop
  endfacet
  facet normal 0 -1 0
    outer loop
      vertex -16 -10 -4
      vertex -12.8 -10 -4
      vertex -12.6875 -10 -3.7
    endloop
  endfacet
  facet normal 0 -1 0
    outer loop
      vertex -16 -10 -4
      vertex -12.575 -10 -3.68
      vertex -14.375 -10 -3.68
    endloop
  endfacet
  facet normal 0 -1 0
    outer loop
      vertex -16 -10 -4
      vertex -12.6875 -10 -3.7
      vertex -12.575 -10 -3.68
    endloop
  endfacet
  facet normal 0 -1 0
    outer loop
      vertex -12.8 -10 -4
      vertex -12.575 -10 -3.7
      vertex -12.6875 -10 -3.7
    endloop
  endfacet
  facet normal 0.7999999999999979 0 -0.6000000000000026
    outer loop
      vertex -12.8 -10 -4
      vertex -12.8 -2 -4
      vertex -12.575 -10 -3.7
    endloop
  endfacet
  facet normal -1 0 0
    outer loop
      vertex -16 -10 -3.98
      vertex -16 -2 -3.98
      vertex -16 -2 -4
    endloop
  endfacet
  facet normal -0.18154747945610325 0 0.9833821803872266
    outer loop
      vertex -16 -10 -3.98
      vertex -14.375 -2 -3.68
      vertex -16 -2 -3.98
    endloop
  endfacet
  facet normal 0 1 0
    outer loop
      vertex -16 -2 -4
      vertex -16 -2 -3.98
      vertex -14.375 -2 -3.68
    endloop
  endfacet
  facet normal 0 1 0
    outer loop
      vertex -16 -2 -4
      vertex -14.375 -2 -3.68
      vertex -14.375 -2 -3.7
    endloop
  endfacet
  facet normal 0.7999999999999979 0 -0.6000000000000026
    outer loop
      vertex -12.575 -10 -3.7
      vertex -12.8 -2 -4
      vertex -12.575 -2 -3.7
    endloop
  endfacet
  facet normal 0 1 0
    outer loop
      vertex -16 -2 -4
      vertex -14.375 -2 -3.7
      vertex -12.575 -2 -3.7
    endloop
  endfacet
  facet normal 0 1 0
    outer loop
      vertex -16 -2 -4
      vertex -12.575 -2 -3.7
      vertex -12.8 -2 -4
    endloop
  endfacet
  facet normal 0 -1 0
    outer loop
      vertex -16.075 -10 -0.52
      vertex -14.375 -10 -1.7000000000000002
      vertex -16.075 -10 -0.5
    endloop
  endfacet
  facet normal -0.5702146776686887 0 -0.8214957220650595
    outer loop
      vertex -16.075 -10 -0.52
      vertex -14.375 -2 -1.7000000000000002
      vertex -14.375 -10 -1.7000000000000002
    endloop
  endfacet
  facet normal -1 0 0
    outer loop
      vertex -16.075 -10 -0.52
      vertex -16.075 -10 -0.5
      vertex -16.075 -2 -0.5
    endloop
  endfacet
  facet normal 0 -1 0
    outer loop
      vertex -16.075 -10 -0.5
      vertex -14.375 -10 -1.7000000000000002
      vertex -12.575 -10 -1.7000000000000002
    endloop
  endfacet
  facet normal 0 -1 0
    outer loop
      vertex -16.075 -10 -0.5
      vertex -12.575 -10 -1.7000000000000002
      vertex -12.575 -10 -0.5
    endloop
  endfacet
  facet normal 1 0 0
    outer loop
      vertex -12.575 -10 -1.7000000000000002
      vertex -12.575 -2 -1.6800000000000002
      vertex -12.575 -10 -0.5
    endloop
  endfacet
  facet normal 0 0 1
    outer loop
      vertex -16.075 -10 -0.5
      vertex -12.575 -10 -0.5
      vertex -12.575 -2 -0.5
    endloop
  endfacet
  facet normal -0.5702146776686887 0 -0.8214957220650595
    outer loop
      vertex -16.075 -10 -0.52
      vertex -16.075 -2 -0.52
      vertex -14.375 -2 -1.7000000000000002
    endloop
  endfacet
  facet normal -1 0 0
    outer loop
      vertex -16.075 -10 -0.52
      vertex -16.075 -2 -0.5
      vertex -16.075 -2 -0.52
    endloop
  endfacet
  facet normal 0 0 1
    outer loop
      vertex -16.075 -10 -0.5
      vertex -12.575 -2 -0.5
      vertex -16.075 -2 -0.5
    endloop
  endfacet
  facet normal 0 1 0
    outer loop
      vertex -16.075 -2 -0.52
      vertex -16.075 -2 -0.5
      vertex -14.375 -2 -1.7000000000000002
    endloop
  endfacet
  facet normal 1 0 0
    outer loop
      vertex -12.575 -10 -1.7000000000000002
      vertex -12.575 -2 -1.7000000000000002
      vertex -12.575 -2 -1.6800000000000002
    endloop
  endfacet
  facet normal 1 0 0
    outer loop
      vertex -12.575 -10 -0.5
      vertex -12.575 -2 -1.6800000000000002
      vertex -12.575 -2 -0.5
    endloop
  endfacet
  facet normal 0 1 0
    outer loop
      vertex -14.375 -2 -1.7000000000000002
      vertex -12.575 -2 -1.6800000000000002
      vertex -12.575 -2 -1.7000000000000002
    endloop
  endfacet
  facet normal 0 1 0
    outer loop
      vertex -14.375 -2 -1.7000000000000002
      vertex -12.575 -2 -0.5
      vertex -12.575 -2 -1.6800000000000002
    endloop
  endfacet
  facet normal 0 1 0
    outer loop
      vertex -16.075 -2 -0.5
      vertex -12.575 -2 -0.5
      vertex -14.375 -2 -1.7000000000000002
    endloop
  endfacet
  facet normal 0 -1 0
    outer loop
      vertex -12.6875 -10 -3.7
      vertex -12.575 -10 -3.7
      vertex -12.575 -10 -3.68
    endloop
  endfacet
  facet normal 1 0 0
    outer loop
      vertex -12.575 -10 -3.7
      vertex -12.575 -2 -3.7
      vertex -12.575 -10 -3.68
    endloop
  endfacet
  facet normal 0 1 0
    outer loop
      vertex -14.375 -2 -3.7
      vertex -14.375 -2 -3.68
      vertex -12.575 -2 -3.7
    endloop
  endfacet
  facet normal 0 -1 0
    outer loop
      vertex -14.375 -10 -3.68
      vertex -12.575 -10 -3.68
      vertex -12.575 -10 -1.7000000000000002
    endloop
  endfacet
  facet normal 0 -1 0
    outer loop
      vertex -14.375 -10 -3.68
      vertex -12.575 -10 -1.7000000000000002
      vertex -14.375 -10 -1.7000000000000002
    endloop
  endfacet
  facet normal -1 0 0
    outer loop
      vertex -14.375 -10 -3.68
      vertex -14.375 -10 -1.7000000000000002
      vertex -14.375 -2 -3.68
    endloop
  endfacet
  facet normal 1 0 0
    outer loop
      vertex -12.575 -10 -3.68
      vertex -12.575 -2 -3.7
      vertex -12.575 -10 -1.7000000000000002
    endloop
  endfacet
  facet normal -1 0 0
    outer loop
      vertex -14.375 -2 -3.68
      vertex -14.375 -10 -1.7000000000000002
      vertex -14.375 -2 -1.7000000000000002
    endloop
  endfacet
  facet normal 1 0 0
    outer loop
      vertex -12.575 -2 -3.7
      vertex -12.575 -2 -1.7000000000000002
      vertex -12.575 -10 -1.7000000000000002
    endloop
  endfacet
  facet normal 0 1 0
    outer loop
      vertex -14.375 -2 -3.68
      vertex -14.375 -2 -1.7000000000000002
      vertex -12.575 -2 -3.7
    endloop
  endfacet
  facet normal 0 1 0
    outer loop
      vertex -12.575 -2 -3.7
      vertex -14.375 -2 -1.7000000000000002
      vertex -12.575 -2 -1.7000000000000002
    endloop
  endfacet
  facet normal 0 -1 0
    outer loop
      vertex 2.2 -10 -4
      vertex 2.275 -10 -3.68
      vertex 2.2 -10 -3.98
    endloop
  endfacet
  facet normal 0 -1 0
    outer loop
      vertex 2.2 -10 -4
      vertex 2.4833333333333334 -10 -3.7
      vertex 2.275 -10 -3.68
    endloop
  endfacet
  facet normal 0 -1 0
    outer loop
      vertex 2.2 -10 -4
      vertex 5.4 -10 -3.98
      vertex 2.4833333333333334 -10 -3.7
    endloop
  endfacet
  facet normal 0 -1 0
    outer loop
      vertex 2.4833333333333334 -10 -3.7
      vertex 5.4 -10 -3.98
      vertex 4.075 -10 -3.7
    endloop
  endfacet
  facet normal -1 0 0
    outer loop
      vertex 2.2 -10 -4
      vertex 2.2 -10 -3.98
      vertex 2.2 -2 -4
    endloop
  endfacet
  facet normal -0.970142500145332 0 0.24253562503633228
    outer loop
      vertex 2.2 -10 -3.98
      vertex 2.275 -10 -3.68
      vertex 2.275 -2 -3.68
    endloop
  endfacet
  facet normal 0 -1 0
    outer loop
      vertex 2.2 -10 -4
      vertex 5.4 -10 -4
      vertex 5.4 -10 -3.98
    endloop
  endfacet
  facet normal 0 -1 0
    outer loop
      vertex 4.075 -10 -3.7
      vertex 5.4 -10 -3.98
      vertex 4.075 -10 -3.68
    endloop
  endfacet
  facet normal 0.22082565259779505 0 0.9753132989735955
    outer loop
      vertex 4.075 -10 -3.68
      vertex 5.4 -10 -3.98
      vertex 5.4 -2 -3.98
    endloop
  endfacet
  facet normal 1 0 0
    outer loop
      vertex 5.4 -10 -4
      vertex 5.4 -2 -4
      vertex 5.4 -10 -3.98
    endloop
  endfacet
  facet normal -1 0 0
    outer loop
      vertex 2.2 -10 -3.98
      vertex 2.2 -2 -3.98
      vertex 2.2 -2 -4
    endloop
  endfacet
  facet normal -0.970142500145332 0 0.24253562503633228
    outer loop
      vertex 2.2 -10 -3.98
      vertex 2.275 -2 -3.68
      vertex 2.2 -2 -3.98
    endloop
  endfacet
  facet normal 0 1 0
    outer loop
      vertex 2.2 -2 -4
      vertex 2.2 -2 -3.98
      vertex 2.275 -2 -3.68
    endloop
  endfacet
  facet normal 0 1 0
    outer loop
      vertex 2.2 -2 -4
      vertex 2.275 -2 -3.68
      vertex 2.4833333333333334 -2 -3.7
    endloop
  endfacet
  facet normal 0 1 0
    outer loop
      vertex 2.2 -2 -4
      vertex 2.4833333333333334 -2 -3.7
      vertex 5.4 -2 -3.98
    endloop
  endfacet
  facet normal 0 1 0
    outer loop
      vertex 2.4833333333333334 -2 -3.7
      vertex 4.075 -2 -3.7
      vertex 5.4 -2 -3.98
    endloop
  endfacet
  facet normal 0.22082565259779505 0 0.9753132989735955
    outer loop
      vertex 4.075 -10 -3.68
      vertex 5.4 -2 -3.98
      vertex 4.075 -2 -3.68
    endloop
  endfacet
  facet normal 1 0 0
    outer loop
      vertex 5.4 -10 -3.98
      vertex 5.4 -2 -4
      vertex 5.4 -2 -3.98
    endloop
  endfacet
  facet normal 0 1 0
    outer loop
      vertex 2.2 -2 -4
      vertex 5.4 -2 -3.98
      vertex 5.4 -2 -4
    endloop
  endfacet
  facet normal 0 1 0
    outer loop
      vertex 4.075 -2 -3.7
      vertex 4.075 -2 -3.68
      vertex 5.4 -2 -3.98
    endloop
  endfacet
  facet normal 0 -1 0
    outer loop
      vertex 2.275 -10 -1.7000000000000002
      vertex 5.775 -10 -0.5
      vertex 2.275 -10 -0.5
    endloop
  endfacet
  facet normal -1 0 0
    outer loop
      vertex 2.275 -10 -1.7000000000000002
      vertex 2.275 -10 -0.5
      vertex 2.275 -2 -1.7000000000000002
    endloop
  endfacet
  facet normal 0 -1 0
    outer loop
      vertex 2.275 -10 -1.7000000000000002
      vertex 4.075 -10 -1.7000000000000002
      vertex 5.775 -10 -0.5
    endloop
  endfacet
  facet normal 0 -1 0
    outer loop
      vertex 4.075 -10 -1.7000000000000002
      vertex 5.775 -10 -0.52
      vertex 5.775 -10 -0.5
    endloop
  endfacet
  facet normal 0.5702146776686884 0 -0.8214957220650596
    outer loop
      vertex 4.075 -10 -1.7000000000000002
      vertex 5.775 -2 -0.52
      vertex 5.775 -10 -0.52
    endloop
  endfacet
  facet normal 0 0 1
    outer loop
      vertex 2.275 -10 -0.5
      vertex 5.775 -10 -0.5
      vertex 5.775 -2 -0.5
    endloop
  endfacet
  facet normal 1 0 0
    outer loop
      vertex 5.775 -10 -0.52
      vertex 5.775 -2 -0.52
      vertex 5.775 -10 -0.5
    endloop
  endfacet
  facet normal -1 0 0
    outer loop
      vertex 2.275 -10 -0.5
      vertex 2.275 -2 -0.5
      vertex 2.275 -2 -1.7000000000000002
    endloop
  endfacet
  facet normal 0 0 1
    outer loop
      vertex 2.275 -10 -0.5
      vertex 5.775 -2 -0.5
      vertex 2.275 -2 -0.5
    endloop
  endfacet
  facet normal 0 1 0
    outer loop
      vertex 2.275 -2 -1.7000000000000002
      vertex 2.275 -2 -0.5
      vertex 5.775 -2 -0.5
    endloop
  endfacet
  facet normal 0.5702146776686884 0 -0.8214957220650596
    outer loop
      vertex 4.075 -10 -1.7000000000000002
      vertex 4.075 -2 -1.7000000000000002
      vertex 5.775 -2 -0.52
    endloop
  endfacet
  facet normal 1 0 0
    outer loop
      vertex 5.775 -10 -0.5
      vertex 5.775 -2 -0.52
      vertex 5.775 -2 -0.5
    endloop
  endfacet
  facet normal 0 1 0
    outer loop
      vertex 2.275 -2 -1.7000000000000002
      vertex 5.775 -2 -0.5
      vertex 4.075 -2 -1.7000000000000002
    endloop
  endfacet
  facet normal 0 1 0
    outer loop
      vertex 4.075 -2 -1.7000000000000002
      vertex 5.775 -2 -0.5
      vertex 5.775 -2 -0.52
    endloop
  endfacet
  facet normal 0 -1 0
    outer loop
      vertex 2.4833333333333334 -10 -3.7
      vertex 4.075 -10 -3.7
      vertex 4.075 -10 -3.68
    endloop
  endfacet
  facet normal 0 -1 0
    outer loop
      vertex 2.275 -10 -3.68
      vertex 2.4833333333333334 -10 -3.7
      vertex 4.075 -10 -1.7000000000000002
    endloop
  endfacet
  facet normal 0 -1 0
    outer loop
      vertex 2.4833333333333334 -10 -3.7
      vertex 4.075 -10 -3.68
      vertex 4.075 -10 -1.7000000000000002
    endloop
  endfacet
  facet normal 0 -1 0
    outer loop
      vertex 2.275 -10 -3.68
      vertex 4.075 -10 -1.7000000000000002
      vertex 2.275 -10 -1.7000000000000002
    endloop
  endfacet
  facet normal -1 0 0
    outer loop
      vertex 2.275 -10 -3.68
      vertex 2.275 -10 -1.7000000000000002
      vertex 2.275 -2 -3.68
    endloop
  endfacet
  facet normal 1 0 0
    outer loop
      vertex 4.075 -10 -3.68
      vertex 4.075 -2 -1.7000000000000002
      vertex 4.075 -10 -1.7000000000000002
    endloop
  endfacet
  facet normal -1 0 0
    outer loop
      vertex 2.275 -2 -3.68
      vertex 2.275 -10 -1.7000000000000002
      vertex 2.275 -2 -1.7000000000000002
    endloop
  endfacet
  facet normal 0 1 0
    outer loop
      vertex 2.275 -2 -3.68
      vertex 2.275 -2 -1.7000000000000002
      vertex 2.4833333333333334 -2 -3.7
    endloop
  endfacet
  facet normal 0 1 0
    outer loop
      vertex 2.4833333333333334 -2 -3.7
      vertex 2.275 -2 -1.7000000000000002
      vertex 4.075 -2 -3.7
    endloop
  endfacet
  facet normal 0 1 0
    outer loop
      vertex 4.075 -2 -3.7
      vertex 2.275 -2 -1.7000000000000002
      vertex 4.075 -2 -3.68
    endloop
  endfacet
  facet normal 0 1 0
    outer loop
      vertex 4.075 -2 -3.68
      vertex 2.275 -2 -1.7000000000000002
      vertex 4.075 -2 -1.7000000000000002
    endloop
  endfacet
  facet normal 1 0 0
    outer loop
      vertex 4.075 -10 -3.68
      vertex 4.075 -2 -3.68
      vertex 4.075 -2 -1.7000000000000002
    endloop
  endfacet
  facet normal -0.7518397936522604 -0.6593458308664174 0
    outer loop
      vertex -17.286706683039665 -25.217522859573364 -6.11
      vertex -17.114213560521602 -25.414213560521603 -6.11
      vertex -17.286706683039665 -25.217522859573364 -4
    endloop
  endfacet
  facet normal -0.6593458308664174 -0.7518397936522604 0
    outer loop
      vertex -17.114213560521602 -25.414213560521603 -6.11
      vertex -16.917522859573364 -25.586706683039665 -6.11
      vertex -17.114213560521602 -25.414213560521603 -4
    endloop
  endfacet
  facet normal -0.8968727332159229 -0.44228870708373325 0
    outer loop
      vertex -17.547759068012237 -24.76536686718464 -6.11
      vertex -17.43205080628395 -25 -6.11
      vertex -17.547759068012237 -24.76536686718464 -4
    endloop
  endfacet
  facet normal -0.8314696207458843 -0.5555702203832521 0
    outer loop
      vertex -17.286706683039665 -25.217522859573364 -6.11
      vertex -17.43205080628395 -25 -4
      vertex -17.43205080628395 -25 -6.11
    endloop
  endfacet
  facet normal -0.9469301319984064 -0.32143945792867507 0
    outer loop
      vertex -17.547759068012237 -24.76536686718464 -6.11
      vertex -17.631851655244827 -24.517638087272644 -4
      vertex -17.631851655244827 -24.517638087272644 -6.11
    endloop
  endfacet
  facet normal -0.9807852843656898 -0.19509030209549946 0
    outer loop
      vertex -17.631851655244827 -24.517638087272644 -6.11
      vertex -17.682889719307422 -24.261052384972572 -4
      vertex -17.682889719307422 -24.261052384972572 -6.11
    endloop
  endfacet
  facet normal -0.5555702203832521 -0.8314696207458843 0
    outer loop
      vertex -16.917522859573364 -25.586706683039665 -6.11
      vertex -16.7 -25.73205080628395 -6.11
      vertex -16.917522859573364 -25.586706683039665 -4
    endloop
  endfacet
  facet normal -0.44228870708373325 -0.8968727332159229 0
    outer loop
      vertex -16.7 -25.73205080628395 -6.11
      vertex -16.46536686718464 -25.847759068012238 -6.11
      vertex -16.7 -25.73205080628395 -4
    endloop
  endfacet
  facet normal -0.32143945792867507 -0.9469301319984064 0
    outer loop
      vertex -16.46536686718464 -25.847759068012238 -6.11
      vertex -16.217638087272643 -25.931851655244827 -6.11
      vertex -16.46536686718464 -25.847759068012238 -4
    endloop
  endfacet
  facet normal -0.9978589223891016 -0.06540314219103631 0
    outer loop
      vertex -17.682889719307422 -24.261052384972572 -6.11
      vertex -17.7 -24 -4
      vertex -17.7 -24 -6.11
    endloop
  endfacet
  facet normal -0.19509030209549946 -0.9807852843656898 0
    outer loop
      vertex -16.217638087272643 -25.931851655244827 -6.11
      vertex -15.961052384972572 -25.982889719307423 -6.11
      vertex -16.217638087272643 -25.931851655244827 -4
    endloop
  endfacet
  facet normal -0.06540314219103631 -0.9978589223891016 0
    outer loop
      vertex -15.961052384972572 -25.982889719307423 -6.11
      vertex -15.7 -26 -6.11
      vertex -15.961052384972572 -25.982889719307423 -4
    endloop
  endfacet
  facet normal -0.7518397936522604 -0.6593458308664174 0
    outer loop
      vertex -17.114213560521602 -25.414213560521603 -6.11
      vertex -17.114213560521602 -25.414213560521603 -4
      vertex -17.286706683039665 -25.217522859573364 -4
    endloop
  endfacet
  facet normal -0.6593458308664174 -0.7518397936522604 0
    outer loop
      vertex -16.917522859573364 -25.586706683039665 -6.11
      vertex -16.917522859573364 -25.586706683039665 -4
      vertex -17.114213560521602 -25.414213560521603 -4
    endloop
  endfacet
  facet normal -0.8314696207458843 -0.5555702203832521 0
    outer loop
      vertex -17.286706683039665 -25.217522859573364 -6.11
      vertex -17.286706683039665 -25.217522859573364 -4
      vertex -17.43205080628395 -25 -4
    endloop
  endfacet
  facet normal -0.8968727332159229 -0.44228870708373325 0
    outer loop
      vertex -17.43205080628395 -25 -6.11
      vertex -17.43205080628395 -25 -4
      vertex -17.547759068012237 -24.76536686718464 -4
    endloop
  endfacet
  facet normal -0.9469301319984064 -0.32143945792867507 0
    outer loop
      vertex -17.547759068012237 -24.76536686718464 -6.11
      vertex -17.547759068012237 -24.76536686718464 -4
      vertex -17.631851655244827 -24.517638087272644 -4
    endloop
  endfacet
  facet normal -0.9807852843656898 -0.19509030209549946 0
    outer loop
      vertex -17.631851655244827 -24.517638087272644 -6.11
      vertex -17.631851655244827 -24.517638087272644 -4
      vertex -17.682889719307422 -24.261052384972572 -4
    endloop
  endfacet
  facet normal -0.5555702203832521 -0.8314696207458843 0
    outer loop
      vertex -16.7 -25.73205080628395 -6.11
      vertex -16.7 -25.73205080628395 -4
      vertex -16.917522859573364 -25.586706683039665 -4
    endloop
  endfacet
  facet normal -0.44228870708373325 -0.8968727332159229 0
    outer loop
      vertex -16.46536686718464 -25.847759068012238 -6.11
      vertex -16.46536686718464 -25.847759068012238 -4
      vertex -16.7 -25.73205080628395 -4
    endloop
  endfacet
  facet normal -0.32143945792867507 -0.9469301319984064 0
    outer loop
      vertex -16.217638087272643 -25.931851655244827 -6.11
      vertex -16.217638087272643 -25.931851655244827 -4
      vertex -16.46536686718464 -25.847759068012238 -4
    endloop
  endfacet
  facet normal -0.9978589223891016 -0.06540314219103631 0
    outer loop
      vertex -17.682889719307422 -24.261052384972572 -6.11
      vertex -17.682889719307422 -24.261052384972572 -4
      vertex -17.7 -24 -4
    endloop
  endfacet
  facet normal -0.19509030209549946 -0.9807852843656898 0
    outer loop
      vertex -15.961052384972572 -25.982889719307423 -6.11
      vertex -15.961052384972572 -25.982889719307423 -4
      vertex -16.217638087272643 -25.931851655244827 -4
    endloop
  endfacet
  facet normal -0.06540314219103631 -0.9978589223891016 0
    outer loop
      vertex -15.7 -26 -6.11
      vertex -15.7 -26 -4
      vertex -15.961052384972572 -25.982889719307423 -4
    endloop
  endfacet
  facet normal 0 0 1
    outer loop
      vertex -15.961052384972572 -25.982889719307423 -4
      vertex -15.7 -26 -4
      vertex -12.8 -10 -4
    endloop
  endfacet
  facet normal 0 0 -1
    outer loop
      vertex -17.286706683039665 -25.217522859573364 -6.11
      vertex -17.43205080628395 -25 -6.11
      vertex -17.43205080628395 0 -6.11
    endloop
  endfacet
  facet normal 0 0 -1
    outer loop
      vertex -17.286706683039665 -25.217522859573364 -6.11
      vertex -17.286706683039665 0.21752285957336426 -6.11
      vertex -17.114213560521602 -25.414213560521603 -6.11
    endloop
  endfacet
  facet normal 0 0 -1
    outer loop
      vertex -17.114213560521602 -25.414213560521603 -6.11
      vertex -17.114213560521602 0.41421356052160263 -6.11
      vertex -16.917522859573364 -25.586706683039665 -6.11
    endloop
  endfacet
  facet normal 0 0 -1
    outer loop
      vertex -17.547759068012237 -24.76536686718464 -6.11
      vertex -17.631851655244827 -24.517638087272644 -6.11
      vertex -17.631851655244827 -0.48236191272735596 -6.11
    endloop
  endfacet
  facet normal 0 0 -1
    outer loop
      vertex -17.547759068012237 -24.76536686718464 -6.11
      vertex -17.547759068012237 -0.23463313281536102 -6.11
      vertex -17.43205080628395 -25 -6.11
    endloop
  endfacet
  facet normal 0 0 -1
    outer loop
      vertex -17.631851655244827 -24.517638087272644 -6.11
      vertex -17.682889719307422 -24.261052384972572 -6.11
      vertex -17.682889719307422 -0.7389476150274277 -6.11
    endloop
  endfacet
  facet normal 0 0 -1
    outer loop
      vertex -17.682889719307422 -24.261052384972572 -6.11
      vertex -17.7 -24 -6.11
      vertex -17.7 -1 -6.11
    endloop
  endfacet
  facet normal 0 0 -1
    outer loop
      vertex -16.917522859573364 -25.586706683039665 -6.11
      vertex -16.917522859573364 0.5867066830396652 -6.11
      vertex -16.7 -25.73205080628395 -6.11
    endloop
  endfacet
  facet normal 0 0 -1
    outer loop
      vertex -16.7 -25.73205080628395 -6.11
      vertex -16.7 0.7320508062839508 -6.11
      vertex -16.46536686718464 -25.847759068012238 -6.11
    endloop
  endfacet
  facet normal 0 0 -1
    outer loop
      vertex -16.46536686718464 -25.847759068012238 -6.11
      vertex -16.46536686718464 0.8477590680122375 -6.11
      vertex -16.217638087272643 -25.931851655244827 -6.11
    endloop
  endfacet
  facet normal 0 0 -1
    outer loop
      vertex -16.217638087272643 -25.931851655244827 -6.11
      vertex -16.217638087272643 0.9318516552448273 -6.11
      vertex -15.961052384972572 -25.982889719307423 -6.11
    endloop
  endfacet
  facet normal 0 0 -1
    outer loop
      vertex -15.961052384972572 -25.982889719307423 -6.11
      vertex -15.961052384972572 0.9828897193074226 -6.11
      vertex -15.7 -26 -6.11
    endloop
  endfacet
  facet normal 0 0 -1
    outer loop
      vertex -15.7 -26 -6.11
      vertex -11.339230485260487 -8.399999998509884 -6.11
      vertex -11.2520240098238 -8.53051371127367 -6.11
    endloop
  endfacet
  facet normal 0 0 -1
    outer loop
      vertex -15.7 -26 -6.11
      vertex -11.408655442297459 -8.259220115840435 -6.11
      vertex -11.339230485260487 -8.399999998509884 -6.11
    endloop
  endfacet
  facet normal 0 0 -1
    outer loop
      vertex -15.7 -26 -6.11
      vertex -11.2520240098238 -8.53051371127367 -6.11
      vertex -11.148528136312962 -8.648528136312962 -6.11
    endloop
  endfacet
  facet normal 0 0 -1
    outer loop
      vertex -15.7 -26 -6.11
      vertex -10.759220115840435 -8.908655442297459 -6.11
      vertex -10.61058285087347 -8.959110990166664 -6.11
    endloop
  endfacet
  facet normal 0 0 -1
    outer loop
      vertex -15.7 -26 -6.11
      vertex -11.148528136312962 -8.648528136312962 -6.11
      vertex -11.03051371127367 -8.7520240098238 -6.11
    endloop
  endfacet
  facet normal 0 0 -1
    outer loop
      vertex -15.7 -26 -6.11
      vertex -11.03051371127367 -8.7520240098238 -6.11
      vertex -10.899999998509884 -8.839230485260487 -6.11
    endloop
  endfacet
  facet normal 0 0 -1
    outer loop
      vertex -15.7 -26 -6.11
      vertex -10.899999998509884 -8.839230485260487 -6.11
      vertex -10.759220115840435 -8.908655442297459 -6.11
    endloop
  endfacet
  facet normal 0 0 -1
    outer loop
      vertex -15.7 -26 -6.11
      vertex -10.61058285087347 -8.959110990166664 -6.11
      vertex -10.456631429493427 -8.989733830094337 -6.11
    endloop
  endfacet
  facet normal 0 0 -1
    outer loop
      vertex -15.7 -26 -6.11
      vertex -10.456631429493427 -8.989733830094337 -6.11
      vertex -10.299999997019768 -9 -6.11
    endloop
  endfacet
  facet normal 0 0 -1
    outer loop
      vertex -15.7 -26 -6.11
      vertex -11.489733830094337 -7.956631429493427 -6.11
      vertex -11.459110990166664 -8.11058285087347 -6.11
    endloop
  endfacet
  facet normal 0 0 -1
    outer loop
      vertex -15.7 -26 -6.11
      vertex -11.5 -7.799999997019768 -6.11
      vertex -11.489733830094337 -7.956631429493427 -6.11
    endloop
  endfacet
  facet normal 0 0 -1
    outer loop
      vertex -15.7 -26 -6.11
      vertex -11.459110990166664 -8.11058285087347 -6.11
      vertex -11.408655442297459 -8.259220115840435 -6.11
    endloop
  endfacet
  facet normal -1 0 0
    outer loop
      vertex -17.7 -24 -6.11
      vertex -17.7 -24 -4
      vertex -17.7 -1 -4
    endloop
  endfacet
  facet normal 0 0 1
    outer loop
      vertex -17.286706683039665 -25.217522859573364 -4
      vertex -17.43205080628395 0 -4
      vertex -17.43205080628395 -25 -4
    endloop
  endfacet
  facet normal 0 0 1
    outer loop
      vertex -17.286706683039665 -25.217522859573364 -4
      vertex -17.114213560521602 -25.414213560521603 -4
      vertex -17.286706683039665 0.21752285957336426 -4
    endloop
  endfacet
  facet normal 0 0 1
    outer loop
      vertex -17.114213560521602 -25.414213560521603 -4
      vertex -16.917522859573364 -25.586706683039665 -4
      vertex -17.114213560521602 0.41421356052160263 -4
    endloop
  endfacet
  facet normal 0 0 1
    outer loop
      vertex -17.547759068012237 -24.76536686718464 -4
      vertex -17.631851655244827 -0.48236191272735596 -4
      vertex -17.631851655244827 -24.517638087272644 -4
    endloop
  endfacet
  facet normal 0 0 1
    outer loop
      vertex -17.547759068012237 -24.76536686718464 -4
      vertex -17.43205080628395 -25 -4
      vertex -17.547759068012237 -0.23463313281536102 -4
    endloop
  endfacet
  facet normal 0 0 1
    outer loop
      vertex -17.631851655244827 -24.517638087272644 -4
      vertex -17.682889719307422 -0.7389476150274277 -4
      vertex -17.682889719307422 -24.261052384972572 -4
    endloop
  endfacet
  facet normal 0 0 1
    outer loop
      vertex -17.682889719307422 -24.261052384972572 -4
      vertex -17.7 -1 -4
      vertex -17.7 -24 -4
    endloop
  endfacet
  facet normal 0 0 1
    outer loop
      vertex -16.917522859573364 -25.586706683039665 -4
      vertex -16.7 -25.73205080628395 -4
      vertex -16.917522859573364 0.5867066830396652 -4
    endloop
  endfacet
  facet normal 0 0 1
    outer loop
      vertex -16.7 -25.73205080628395 -4
      vertex -16.46536686718464 -25.847759068012238 -4
      vertex -16.7 0.7320508062839508 -4
    endloop
  endfacet
  facet normal 0 0 1
    outer loop
      vertex -16.46536686718464 -25.847759068012238 -4
      vertex -16.217638087272643 -25.931851655244827 -4
      vertex -16.46536686718464 0.8477590680122375 -4
    endloop
  endfacet
  facet normal 0 0 1
    outer loop
      vertex -16.217638087272643 -25.931851655244827 -4
      vertex -15.961052384972572 -25.982889719307423 -4
      vertex -16.217638087272643 0.9318516552448273 -4
    endloop
  endfacet
  facet normal 0 0 1
    outer loop
      vertex -15.961052384972572 -25.982889719307423 -4
      vertex -12.8 -10 -4
      vertex -16 -10 -4
    endloop
  endfacet
  facet normal 0 0 1
    outer loop
      vertex -15.7 -26 -4
      vertex -6.316201367321639 -16.244439159892977 -4
      vertex -12.8 -10 -4
    endloop
  endfacet
  facet normal 0 -1 0
    outer loop
      vertex -15.7 -26 -6.11
      vertex 5.0999999970197685 -26 -6.11
      vertex -15.7 -26 -4
    endloop
  endfacet
  facet normal 0 0 1
    outer loop
      vertex -15.7 -26 -4
      vertex -5.844439159892977 -16.716201367321638 -4
      vertex -6.111374600044972 -16.51137460004497 -4
    endloop
  endfacet
  facet normal 0 0 1
    outer loop
      vertex -15.7 -26 -4
      vertex -6.111374600044972 -16.51137460004497 -4
      vertex -6.316201367321639 -16.244439159892977 -4
    endloop
  endfacet
  facet normal 0 0 1
    outer loop
      vertex -15.7 -26 -4
      vertex -5.533586255980342 -16.844960856025313 -4
      vertex -5.844439159892977 -16.716201367321638 -4
    endloop
  endfacet
  facet normal 0 0 1
    outer loop
      vertex -15.7 -26 -4
      vertex -5.2 -16.888878319785952 -4
      vertex -5.533586255980342 -16.844960856025313 -4
    endloop
  endfacet
  facet normal 0 0 1
    outer loop
      vertex -15.7 -26 -4
      vertex -4.866413744019658 -16.844960856025313 -4
      vertex -5.2 -16.888878319785952 -4
    endloop
  endfacet
  facet normal 0 0 1
    outer loop
      vertex -15.7 -26 -4
      vertex -4.555560840107024 -16.716201367321638 -4
      vertex -4.866413744019658 -16.844960856025313 -4
    endloop
  endfacet
  facet normal 0 0 -1
    outer loop
      vertex -15.7 -26 -6.11
      vertex -10.299999997019768 -9 -6.11
      vertex -0.25 -9 -6.11
    endloop
  endfacet
  facet normal 0 0 1
    outer loop
      vertex -6.316201367321639 -16.244439159892977 -4
      vertex -6.444960856025313 -15.933586255980341 -4
      vertex -12.8 -10 -4
    endloop
  endfacet
  facet normal 0 0 1
    outer loop
      vertex -6.444960856025313 -15.933586255980341 -4
      vertex -6.488878319785954 -15.6 -4
      vertex -12.8 -10 -4
    endloop
  endfacet
  facet normal 0 0 1
    outer loop
      vertex -6.488878319785954 -15.6 -4
      vertex -6.444960856025313 -15.266413744019658 -4
      vertex -12.8 -10 -4
    endloop
  endfacet
  facet normal 0 0 1
    outer loop
      vertex -6.444960856025313 -15.266413744019658 -4
      vertex -6.316201367321639 -14.955560840107022 -4
      vertex -12.8 -10 -4
    endloop
  endfacet
  facet normal 0 0 1
    outer loop
      vertex -6.316201367321639 -14.955560840107022 -4
      vertex -6.111374600044972 -14.68862539995503 -4
      vertex -12.8 -10 -4
    endloop
  endfacet
  facet normal 0 0 1
    outer loop
      vertex -6.111374600044972 -14.68862539995503 -4
      vertex -5.844439159892977 -14.483798632678361 -4
      vertex -12.8 -10 -4
    endloop
  endfacet
  facet normal 0 0 1
    outer loop
      vertex -5.844439159892977 -14.483798632678361 -4
      vertex -5.533586255980342 -14.355039143974686 -4
      vertex -10.299999997019768 -9 -4
    endloop
  endfacet
  facet normal 0 0 1
    outer loop
      vertex -5.533586255980342 -14.355039143974686 -4
      vertex -5.2 -14.311121680214047 -4
      vertex -10.299999997019768 -9 -4
    endloop
  endfacet
  facet normal 0 0 1
    outer loop
      vertex -5.2 -14.311121680214047 -4
      vertex -4.866413744019658 -14.355039143974686 -4
      vertex -10.299999997019768 -9 -4
    endloop
  endfacet
  facet normal 0 0 1
    outer loop
      vertex -4.866413744019658 -14.355039143974686 -4
      vertex -4.555560840107024 -14.483798632678361 -4
      vertex -10.299999997019768 -9 -4
    endloop
  endfacet
  facet normal 0 0 1
    outer loop
      vertex -4.555560840107024 -14.483798632678361 -4
      vertex -4.288625399955029 -14.68862539995503 -4
      vertex -10.299999997019768 -9 -4
    endloop
  endfacet
  facet normal 0 0 -1
    outer loop
      vertex -17.682889719307422 -24.261052384972572 -6.11
      vertex -17.7 -1 -6.11
      vertex -17.682889719307422 -0.7389476150274277 -6.11
    endloop
  endfacet
  facet normal 0 0 -1
    outer loop
      vertex -17.631851655244827 -24.517638087272644 -6.11
      vertex -17.682889719307422 -0.7389476150274277 -6.11
      vertex -17.631851655244827 -0.48236191272735596 -6.11
    endloop
  endfacet
  facet normal 0 0 -1
    outer loop
      vertex -17.547759068012237 -24.76536686718464 -6.11
      vertex -17.631851655244827 -0.48236191272735596 -6.11
      vertex -17.547759068012237 -0.23463313281536102 -6.11
    endloop
  endfacet
  facet normal 0 0 -1
    outer loop
      vertex -17.43205080628395 -25 -6.11
      vertex -17.547759068012237 -0.23463313281536102 -6.11
      vertex -17.43205080628395 0 -6.11
    endloop
  endfacet
  facet normal 0 0 -1
    outer loop
      vertex -17.286706683039665 -25.217522859573364 -6.11
      vertex -17.43205080628395 0 -6.11
      vertex -17.286706683039665 0.21752285957336426 -6.11
    endloop
  endfacet
  facet normal 0 0 -1
    outer loop
      vertex -17.114213560521602 -25.414213560521603 -6.11
      vertex -17.286706683039665 0.21752285957336426 -6.11
      vertex -17.114213560521602 0.41421356052160263 -6.11
    endloop
  endfacet
  facet normal 0 0 -1
    outer loop
      vertex -16.917522859573364 -25.586706683039665 -6.11
      vertex -17.114213560521602 0.41421356052160263 -6.11
      vertex -16.917522859573364 0.5867066830396652 -6.11
    endloop
  endfacet
  facet normal 0 0 -1
    outer loop
      vertex -16.7 -25.73205080628395 -6.11
      vertex -16.917522859573364 0.5867066830396652 -6.11
      vertex -16.7 0.7320508062839508 -6.11
    endloop
  endfacet
  facet normal 0 0 -1
    outer loop
      vertex -16.46536686718464 -25.847759068012238 -6.11
      vertex -16.7 0.7320508062839508 -6.11
      vertex -16.46536686718464 0.8477590680122375 -6.11
    endloop
  endfacet
  facet normal 0 0 -1
    outer loop
      vertex -16.217638087272643 -25.931851655244827 -6.11
      vertex -16.46536686718464 0.8477590680122375 -6.11
      vertex -16.217638087272643 0.9318516552448273 -6.11
    endloop
  endfacet
  facet normal 0 0 -1
    outer loop
      vertex -15.961052384972572 -25.982889719307423 -6.11
      vertex -16.217638087272643 0.9318516552448273 -6.11
      vertex -15.961052384972572 0.9828897193074226 -6.11
    endloop
  endfacet
  facet normal 0 0 -1
    outer loop
      vertex -15.7 -26 -6.11
      vertex -15.961052384972572 0.9828897193074226 -6.11
      vertex -15.7 1 -6.11
    endloop
  endfacet
  facet normal -1 0 0
    outer loop
      vertex -17.7 -24 -6.11
      vertex -17.7 -1 -4
      vertex -17.7 -1 -6.11
    endloop
  endfacet
  facet normal 0 0 -1
    outer loop
      vertex -15.7 -26 -6.11
      vertex -15.7 1 -6.11
      vertex -11.5 -7.799999997019768 -6.11
    endloop
  endfacet
  facet normal 0 0 1
    outer loop
      vertex -15.961052384972572 -25.982889719307423 -4
      vertex -16 -10 -4
      vertex -16.217638087272643 0.9318516552448273 -4
    endloop
  endfacet
  facet normal 0 0 1
    outer loop
      vertex -17.682889719307422 -24.261052384972572 -4
      vertex -17.682889719307422 -0.7389476150274277 -4
      vertex -17.7 -1 -4
    endloop
  endfacet
  facet normal 0 0 1
    outer loop
      vertex -17.631851655244827 -24.517638087272644 -4
      vertex -17.631851655244827 -0.48236191272735596 -4
      vertex -17.682889719307422 -0.7389476150274277 -4
    endloop
  endfacet
  facet normal 0 0 1
    outer loop
      vertex -17.547759068012237 -24.76536686718464 -4
      vertex -17.547759068012237 -0.23463313281536102 -4
      vertex -17.631851655244827 -0.48236191272735596 -4
    endloop
  endfacet
  facet normal 0 0 1
    outer loop
      vertex -17.43205080628395 -25 -4
      vertex -17.43205080628395 0 -4
      vertex -17.547759068012237 -0.23463313281536102 -4
    endloop
  endfacet
  facet normal 0 0 1
    outer loop
      vertex -17.286706683039665 -25.217522859573364 -4
      vertex -17.286706683039665 0.21752285957336426 -4
      vertex -17.43205080628395 0 -4
    endloop
  endfacet
  facet normal 0 0 1
    outer loop
      vertex -17.114213560521602 -25.414213560521603 -4
      vertex -17.114213560521602 0.41421356052160263 -4
      vertex -17.286706683039665 0.21752285957336426 -4
    endloop
  endfacet
  facet normal 0 0 1
    outer loop
      vertex -16.917522859573364 -25.586706683039665 -4
      vertex -16.917522859573364 0.5867066830396652 -4
      vertex -17.114213560521602 0.41421356052160263 -4
    endloop
  endfacet
  facet normal 0 0 1
    outer loop
      vertex -16.7 -25.73205080628395 -4
      vertex -16.7 0.7320508062839508 -4
      vertex -16.917522859573364 0.5867066830396652 -4
    endloop
  endfacet
  facet normal 0 0 1
    outer loop
      vertex -16.46536686718464 -25.847759068012238 -4
      vertex -16.46536686718464 0.8477590680122375 -4
      vertex -16.7 0.7320508062839508 -4
    endloop
  endfacet
  facet normal 0 0 1
    outer loop
      vertex -16.217638087272643 -25.931851655244827 -4
      vertex -16.217638087272643 0.9318516552448273 -4
      vertex -16.46536686718464 0.8477590680122375 -4
    endloop
  endfacet
  facet normal 0 0 1
    outer loop
      vertex -12.8 -10 -4
      vertex -11.03051371127367 -8.7520240098238 -4
      vertex -11.148528136312962 -8.648528136312962 -4
    endloop
  endfacet
  facet normal 0 0 1
    outer loop
      vertex -12.8 -10 -4
      vertex -10.899999998509884 -8.839230485260487 -4
      vertex -11.03051371127367 -8.7520240098238 -4
    endloop
  endfacet
  facet normal 0 0 1
    outer loop
      vertex -12.8 -10 -4
      vertex -11.408655442297459 -8.259220115840435 -4
      vertex -11.459110990166664 -8.11058285087347 -4
    endloop
  endfacet
  facet normal 0 0 1
    outer loop
      vertex -12.8 -10 -4
      vertex -11.459110990166664 -8.11058285087347 -4
      vertex -11.489733830094337 -7.956631429493427 -4
    endloop
  endfacet
  facet normal 0 0 1
    outer loop
      vertex -12.8 -10 -4
      vertex -11.489733830094337 -7.956631429493427 -4
      vertex -11.5 -7.799999997019768 -4
    endloop
  endfacet
  facet normal 0 0 1
    outer loop
      vertex -12.8 -10 -4
      vertex -11.2520240098238 -8.53051371127367 -4
      vertex -11.339230485260487 -8.399999998509884 -4
    endloop
  endfacet
  facet normal 0 0 1
    outer loop
      vertex -12.8 -10 -4
      vertex -11.148528136312962 -8.648528136312962 -4
      vertex -11.2520240098238 -8.53051371127367 -4
    endloop
  endfacet
  facet normal 0 0 1
    outer loop
      vertex -12.8 -10 -4
      vertex -11.339230485260487 -8.399999998509884 -4
      vertex -11.408655442297459 -8.259220115840435 -4
    endloop
  endfacet
  facet normal 0 0 1
    outer loop
      vertex -12.8 -10 -4
      vertex -11.5 -7.799999997019768 -4
      vertex -11.5 -3.2000000029802322 -4
    endloop
  endfacet
  facet normal -0.9978589223891016 0.06540314219103631 0
    outer loop
      vertex -17.7 -1 -6.11
      vertex -17.682889719307422 -0.7389476150274277 -4
      vertex -17.682889719307422 -0.7389476150274277 -6.11
    endloop
  endfacet
  facet normal -0.9807852843656898 0.19509030209549946 0
    outer loop
      vertex -17.682889719307422 -0.7389476150274277 -6.11
      vertex -17.631851655244827 -0.48236191272735596 -4
      vertex -17.631851655244827 -0.48236191272735596 -6.11
    endloop
  endfacet
  facet normal -0.9469301319984064 0.32143945792867507 0
    outer loop
      vertex -17.631851655244827 -0.48236191272735596 -6.11
      vertex -17.547759068012237 -0.23463313281536102 -4
      vertex -17.547759068012237 -0.23463313281536102 -6.11
    endloop
  endfacet
  facet normal -0.8968727332159229 0.44228870708373325 0
    outer loop
      vertex -17.547759068012237 -0.23463313281536102 -6.11
      vertex -17.43205080628395 0 -4
      vertex -17.43205080628395 0 -6.11
    endloop
  endfacet
  facet normal -0.8314696207458843 0.5555702203832521 0
    outer loop
      vertex -17.43205080628395 0 -6.11
      vertex -17.286706683039665 0.21752285957336426 -4
      vertex -17.286706683039665 0.21752285957336426 -6.11
    endloop
  endfacet
  facet normal -0.7518397936522604 0.6593458308664174 0
    outer loop
      vertex -17.286706683039665 0.21752285957336426 -6.11
      vertex -17.114213560521602 0.41421356052160263 -4
      vertex -17.114213560521602 0.41421356052160263 -6.11
    endloop
  endfacet
  facet normal -0.6593458308664174 0.7518397936522604 0
    outer loop
      vertex -17.114213560521602 0.41421356052160263 -6.11
      vertex -16.917522859573364 0.5867066830396652 -4
      vertex -16.917522859573364 0.5867066830396652 -6.11
    endloop
  endfacet
  facet normal -0.5555702203832521 0.8314696207458843 0
    outer loop
      vertex -16.917522859573364 0.5867066830396652 -6.11
      vertex -16.7 0.7320508062839508 -4
      vertex -16.7 0.7320508062839508 -6.11
    endloop
  endfacet
  facet normal -0.44228870708373325 0.8968727332159229 0
    outer loop
      vertex -16.7 0.7320508062839508 -6.11
      vertex -16.46536686718464 0.8477590680122375 -4
      vertex -16.46536686718464 0.8477590680122375 -6.11
    endloop
  endfacet
  facet normal -0.32143945792867507 0.9469301319984064 0
    outer loop
      vertex -16.46536686718464 0.8477590680122375 -6.11
      vertex -16.217638087272643 0.9318516552448273 -4
      vertex -16.217638087272643 0.9318516552448273 -6.11
    endloop
  endfacet
  facet normal -0.19509030209549946 0.9807852843656898 0
    outer loop
      vertex -16.217638087272643 0.9318516552448273 -6.11
      vertex -15.961052384972572 0.9828897193074226 -4
      vertex -15.961052384972572 0.9828897193074226 -6.11
    endloop
  endfacet
  facet normal -0.06540314219103631 0.9978589223891016 0
    outer loop
      vertex -15.961052384972572 0.9828897193074226 -6.11
      vertex -15.7 1 -4
      vertex -15.7 1 -6.11
    endloop
  endfacet
  facet normal 0 0 -1
    outer loop
      vertex -15.7 1 -6.11
      vertex -11.5 -3.2000000029802322 -6.11
      vertex -11.5 -7.799999997019768 -6.11
    endloop
  endfacet
  facet normal 0 0 -1
    outer loop
      vertex -15.7 1 -6.11
      vertex -11.489733830094337 -3.0433685705065727 -6.11
      vertex -11.5 -3.2000000029802322 -6.11
    endloop
  endfacet
  facet normal 0 0 -1
    outer loop
      vertex -15.7 1 -6.11
      vertex -11.459110990166664 -2.8894171491265297 -6.11
      vertex -11.489733830094337 -3.0433685705065727 -6.11
    endloop
  endfacet
  facet normal 0 0 -1
    outer loop
      vertex -15.7 1 -6.11
      vertex -11.408655442297459 -2.740779884159565 -6.11
      vertex -11.459110990166664 -2.8894171491265297 -6.11
    endloop
  endfacet
  facet normal 0 0 -1
    outer loop
      vertex -15.7 1 -6.11
      vertex -11.339230485260487 -2.600000001490116 -6.11
      vertex -11.408655442297459 -2.740779884159565 -6.11
    endloop
  endfacet
  facet normal 0 0 -1
    outer loop
      vertex -15.7 1 -6.11
      vertex -11.2520240098238 -2.46948628872633 -6.11
      vertex -11.339230485260487 -2.600000001490116 -6.11
    endloop
  endfacet
  facet normal 0 0 -1
    outer loop
      vertex -15.7 1 -6.11
      vertex -11.148528136312962 -2.3514718636870384 -6.11
      vertex -11.2520240098238 -2.46948628872633 -6.11
    endloop
  endfacet
  facet normal 0 0 -1
    outer loop
      vertex -15.7 1 -6.11
      vertex -11.03051371127367 -2.247975990176201 -6.11
      vertex -11.148528136312962 -2.3514718636870384 -6.11
    endloop
  endfacet
  facet normal 0 0 -1
    outer loop
      vertex -15.7 1 -6.11
      vertex -10.899999998509884 -2.1607695147395134 -6.11
      vertex -11.03051371127367 -2.247975990176201 -6.11
    endloop
  endfacet
  facet normal 0 0 -1
    outer loop
      vertex -15.7 1 -6.11
      vertex -10.759220115840435 -2.0913445577025414 -6.11
      vertex -10.899999998509884 -2.1607695147395134 -6.11
    endloop
  endfacet
  facet normal 0 0 -1
    outer loop
      vertex -15.7 1 -6.11
      vertex -10.61058285087347 -2.040889009833336 -6.11
      vertex -10.759220115840435 -2.0913445577025414 -6.11
    endloop
  endfacet
  facet normal 0 0 -1
    outer loop
      vertex -15.7 1 -6.11
      vertex -10.456631429493427 -2.0102661699056625 -6.11
      vertex -10.61058285087347 -2.040889009833336 -6.11
    endloop
  endfacet
  facet normal 0 0 -1
    outer loop
      vertex -15.7 1 -6.11
      vertex -10.299999997019768 -2 -6.11
      vertex -10.456631429493427 -2.0102661699056625 -6.11
    endloop
  endfacet
  facet normal 0 0 1
    outer loop
      vertex -16 -10 -4
      vertex -16 -2 -4
      vertex -16.217638087272643 0.9318516552448273 -4
    endloop
  endfacet
  facet normal -0.9978589223891016 0.06540314219103631 0
    outer loop
      vertex -17.7 -1 -6.11
      vertex -17.7 -1 -4
      vertex -17.682889719307422 -0.7389476150274277 -4
    endloop
  endfacet
  facet normal -0.9807852843656898 0.19509030209549946 0
    outer loop
      vertex -17.682889719307422 -0.7389476150274277 -6.11
      vertex -17.682889719307422 -0.7389476150274277 -4
      vertex -17.631851655244827 -0.48236191272735596 -4
    endloop
  endfacet
  facet normal -0.9469301319984064 0.32143945792867507 0
    outer loop
      vertex -17.631851655244827 -0.48236191272735596 -6.11
      vertex -17.631851655244827 -0.48236191272735596 -4
      vertex -17.547759068012237 -0.23463313281536102 -4
    endloop
  endfacet
  facet normal -0.8968727332159229 0.44228870708373325 0
    outer loop
      vertex -17.547759068012237 -0.23463313281536102 -6.11
      vertex -17.547759068012237 -0.23463313281536102 -4
      vertex -17.43205080628395 0 -4
    endloop
  endfacet
  facet normal -0.8314696207458843 0.5555702203832521 0
    outer loop
      vertex -17.43205080628395 0 -6.11
      vertex -17.43205080628395 0 -4
      vertex -17.286706683039665 0.21752285957336426 -4
    endloop
  endfacet
  facet normal -0.7518397936522604 0.6593458308664174 0
    outer loop
      vertex -17.286706683039665 0.21752285957336426 -6.11
      vertex -17.286706683039665 0.21752285957336426 -4
      vertex -17.114213560521602 0.41421356052160263 -4
    endloop
  endfacet
  facet normal -0.6593458308664174 0.7518397936522604 0
    outer loop
      vertex -17.114213560521602 0.41421356052160263 -6.11
      vertex -17.114213560521602 0.41421356052160263 -4
      vertex -16.917522859573364 0.5867066830396652 -4
    endloop
  endfacet
  facet normal -0.5555702203832521 0.8314696207458843 0
    outer loop
      vertex -16.917522859573364 0.5867066830396652 -6.11
      vertex -16.917522859573364 0.5867066830396652 -4
      vertex -16.7 0.7320508062839508 -4
    endloop
  endfacet
  facet normal -0.44228870708373325 0.8968727332159229 0
    outer loop
      vertex -16.7 0.7320508062839508 -6.11
      vertex -16.7 0.7320508062839508 -4
      vertex -16.46536686718464 0.8477590680122375 -4
    endloop
  endfacet
  facet normal -0.32143945792867507 0.9469301319984064 0
    outer loop
      vertex -16.46536686718464 0.8477590680122375 -6.11
      vertex -16.46536686718464 0.8477590680122375 -4
      vertex -16.217638087272643 0.9318516552448273 -4
    endloop
  endfacet
  facet normal -0.19509030209549946 0.9807852843656898 0
    outer loop
      vertex -16.217638087272643 0.9318516552448273 -6.11
      vertex -16.217638087272643 0.9318516552448273 -4
      vertex -15.961052384972572 0.9828897193074226 -4
    endloop
  endfacet
  facet normal -0.06540314219103631 0.9978589223891016 0
    outer loop
      vertex -15.961052384972572 0.9828897193074226 -6.11
      vertex -15.961052384972572 0.9828897193074226 -4
      vertex -15.7 1 -4
    endloop
  endfacet
  facet normal 0 0 1
    outer loop
      vertex -16.217638087272643 0.9318516552448273 -4
      vertex -16 -2 -4
      vertex -15.961052384972572 0.9828897193074226 -4
    endloop
  endfacet
  facet normal 0 0 1
    outer loop
      vertex -16 -2 -4
      vertex -15.7 1 -4
      vertex -15.961052384972572 0.9828897193074226 -4
    endloop
  endfacet
  facet normal 0 0 1
    outer loop
      vertex -12.8 -10 -4
      vertex -11.5 -3.2000000029802322 -4
      vertex -12.8 -2 -4
    endloop
  endfacet
  facet normal 0 0 1
    outer loop
      vertex -12.8 -2 -4
      vertex -11.5 -3.2000000029802322 -4
      vertex -11.489733830094337 -3.0433685705065727 -4
    endloop
  endfacet
  facet normal 0 0 1
    outer loop
      vertex -12.8 -2 -4
      vertex -11.489733830094337 -3.0433685705065727 -4
      vertex -11.459110990166664 -2.8894171491265297 -4
    endloop
  endfacet
  facet normal 0 0 1
    outer loop
      vertex -12.8 -2 -4
      vertex -11.459110990166664 -2.8894171491265297 -4
      vertex -11.408655442297459 -2.740779884159565 -4
    endloop
  endfacet
  facet normal 0 0 1
    outer loop
      vertex -12.8 -2 -4
      vertex -11.408655442297459 -2.740779884159565 -4
      vertex -11.339230485260487 -2.600000001490116 -4
    endloop
  endfacet
  facet normal 0 0 1
    outer loop
      vertex -12.8 -2 -4
      vertex -11.339230485260487 -2.600000001490116 -4
      vertex -11.2520240098238 -2.46948628872633 -4
    endloop
  endfacet
  facet normal 0 0 1
    outer loop
      vertex -12.8 -2 -4
      vertex -11.2520240098238 -2.46948628872633 -4
      vertex -11.148528136312962 -2.3514718636870384 -4
    endloop
  endfacet
  facet normal 0 0 1
    outer loop
      vertex -12.8 -2 -4
      vertex -11.148528136312962 -2.3514718636870384 -4
      vertex -11.03051371127367 -2.247975990176201 -4
    endloop
  endfacet
  facet normal 0 0 1
    outer loop
      vertex -12.8 -2 -4
      vertex -11.03051371127367 -2.247975990176201 -4
      vertex -10.899999998509884 -2.1607695147395134 -4
    endloop
  endfacet
  facet normal 0 0 1
    outer loop
      vertex -12.8 -10 -4
      vertex -10.759220115840435 -8.908655442297459 -4
      vertex -10.899999998509884 -8.839230485260487 -4
    endloop
  endfacet
  facet normal 0 0 1
    outer loop
      vertex -12.8 -10 -4
      vertex -10.61058285087347 -8.959110990166664 -4
      vertex -10.759220115840435 -8.908655442297459 -4
    endloop
  endfacet
  facet normal 0 0 1
    outer loop
      vertex -12.8 -10 -4
      vertex -10.456631429493427 -8.989733830094337 -4
      vertex -10.61058285087347 -8.959110990166664 -4
    endloop
  endfacet
  facet normal 0 0 1
    outer loop
      vertex -12.8 -10 -4
      vertex -10.299999997019768 -9 -4
      vertex -10.456631429493427 -8.989733830094337 -4
    endloop
  endfacet
  facet normal 0 0 1
    outer loop
      vertex -5.844439159892977 -14.483798632678361 -4
      vertex -10.299999997019768 -9 -4
      vertex -12.8 -10 -4
    endloop
  endfacet
  facet normal 0 0 -1
    outer loop
      vertex -15.7 1 -6.11
      vertex 5.0999999970197685 1 -6.11
      vertex -10.299999997019768 -2 -6.11
    endloop
  endfacet
  facet normal 0 1 0
    outer loop
      vertex -15.7 1 -6.11
      vertex -15.7 1 -4
      vertex 5.0999999970197685 1 -4
    endloop
  endfacet
  facet normal 0 0 1
    outer loop
      vertex -12.8 -2 -4
      vertex -10.899999998509884 -2.1607695147395134 -4
      vertex -10.759220115840435 -2.0913445577025414 -4
    endloop
  endfacet
  facet normal 0 0 1
    outer loop
      vertex -12.8 -2 -4
      vertex -10.759220115840435 -2.0913445577025414 -4
      vertex -10.61058285087347 -2.040889009833336 -4
    endloop
  endfacet
  facet normal 0 0 1
    outer loop
      vertex -12.8 -2 -4
      vertex -10.61058285087347 -2.040889009833336 -4
      vertex -10.456631429493427 -2.0102661699056625 -4
    endloop
  endfacet
  facet normal 0 0 1
    outer loop
      vertex -12.8 -2 -4
      vertex -10.456631429493427 -2.0102661699056625 -4
      vertex -10.299999997019768 -2 -4
    endloop
  endfacet
  facet normal 0 0 1
    outer loop
      vertex -16 -2 -4
      vertex 5.0999999970197685 1 -4
      vertex -15.7 1 -4
    endloop
  endfacet
  facet normal 0 0 1
    outer loop
      vertex -16 -2 -4
      vertex -12.8 -2 -4
      vertex 5.0999999970197685 1 -4
    endloop
  endfacet
  facet normal 0 0 1
    outer loop
      vertex -12.8 -2 -4
      vertex -10.299999997019768 -2 -4
      vertex 5.0999999970197685 1 -4
    endloop
  endfacet
  facet normal 0 0 -1
    outer loop
      vertex -15.7 -26 -6.11
      vertex -0.25 -9 -6.11
      vertex 5.0999999970197685 -26 -6.11
    endloop
  endfacet
  facet normal 0 0 1
    outer loop
      vertex -15.7 -26 -4
      vertex 5.0999999970197685 -26 -4
      vertex -4.555560840107024 -16.716201367321638 -4
    endloop
  endfacet
  facet normal 0 -1 0
    outer loop
      vertex -15.7 -26 -4
      vertex 5.0999999970197685 -26 -6.11
      vertex 5.0999999970197685 -26 -4
    endloop
  endfacet
  facet normal 0 0 1
    outer loop
      vertex -4.555560840107024 -16.716201367321638 -4
      vertex 5.0999999970197685 -26 -4
      vertex -4.288625399955029 -16.51137460004497 -4
    endloop
  endfacet
  facet normal 0 0 1
    outer loop
      vertex -4.288625399955029 -16.51137460004497 -4
      vertex 5.0999999970197685 -26 -4
      vertex -4.083798632678361 -16.244439159892977 -4
    endloop
  endfacet
  facet normal 0 0 1
    outer loop
      vertex -4.083798632678361 -16.244439159892977 -4
      vertex 5.0999999970197685 -26 -4
      vertex -3.955039143974687 -15.933586255980341 -4
    endloop
  endfacet
  facet normal 0 0 1
    outer loop
      vertex -4.288625399955029 -14.68862539995503 -4
      vertex -4.083798632678361 -14.955560840107022 -4
      vertex -0.25 -9 -4
    endloop
  endfacet
  facet normal 0 0 1
    outer loop
      vertex -3.955039143974687 -15.933586255980341 -4
      vertex 5.0999999970197685 -26 -4
      vertex -3.9111216802140465 -15.6 -4
    endloop
  endfacet
  facet normal 0 0 1
    outer loop
      vertex -3.9111216802140465 -15.6 -4
      vertex 5.0999999970197685 -26 -4
      vertex -3.955039143974687 -15.266413744019658 -4
    endloop
  endfacet
  facet normal 0 0 1
    outer loop
      vertex -3.955039143974687 -15.266413744019658 -4
      vertex 5.0999999970197685 -26 -4
      vertex -4.083798632678361 -14.955560840107022 -4
    endloop
  endfacet
  facet normal 0 0 1
    outer loop
      vertex -4.083798632678361 -14.955560840107022 -4
      vertex 5.0999999970197685 -26 -4
      vertex -0.25 -9 -4
    endloop
  endfacet
  facet normal 0.06540314219103631 -0.9978589223891016 0
    outer loop
      vertex 5.0999999970197685 -26 -6.11
      vertex 5.361052381992341 -25.982889719307423 -6.11
      vertex 5.0999999970197685 -26 -4
    endloop
  endfacet
  facet normal 0.1950902966461932 -0.9807852854496241 0
    outer loop
      vertex 5.361052381992341 -25.982889719307423 -6.11
      vertex 5.617638091742993 -25.931851655244827 -6.11
      vertex 5.361052381992341 -25.982889719307423 -4
    endloop
  endfacet
  facet normal 0.32143946659727035 -0.946930129055815 0
    outer loop
      vertex 5.617638091742993 -25.931851655244827 -6.11
      vertex 5.8653668642044074 -25.847759068012238 -6.11
      vertex 5.617638091742993 -25.931851655244827 -4
    endloop
  endfacet
  facet normal 0.44228870708373325 -0.8968727332159229 0
    outer loop
      vertex 5.8653668642044074 -25.847759068012238 -6.11
      vertex 6.0999999970197685 -25.73205080628395 -6.11
      vertex 5.8653668642044074 -25.847759068012238 -4
    endloop
  endfacet
  facet normal 0.5555702203832521 -0.8314696207458843 0
    outer loop
      vertex 6.0999999970197685 -25.73205080628395 -6.11
      vertex 6.317522856593133 -25.586706683039665 -6.11
      vertex 6.0999999970197685 -25.73205080628395 -4
    endloop
  endfacet
  facet normal 0.6593458167485154 -0.7518398060333287 0
    outer loop
      vertex 6.317522856593133 -25.586706683039665 -6.11
      vertex 6.514213564991952 -25.414213560521603 -6.11
      vertex 6.317522856593133 -25.586706683039665 -4
    endloop
  endfacet
  facet normal 0.7518398077701628 -0.6593458147680356 0
    outer loop
      vertex 6.514213564991952 -25.414213560521603 -6.11
      vertex 6.686706680059434 -25.217522859573364 -6.11
      vertex 6.514213564991952 -25.414213560521603 -4
    endloop
  endfacet
  facet normal 0.8314696075900938 -0.5555702400722841 0
    outer loop
      vertex 6.686706680059434 -25.217522859573364 -6.11
      vertex 6.8320508107543 -25 -6.11
      vertex 6.686706680059434 -25.217522859573364 -4
    endloop
  endfacet
  facet normal 0.8968727445130562 -0.4422886841754128 0
    outer loop
      vertex 6.8320508107543 -25 -6.11
      vertex 6.947759065032006 -24.76536686718464 -6.11
      vertex 6.8320508107543 -25 -4
    endloop
  endfacet
  facet normal 0.9469301319984064 -0.32143945792867507 0
    outer loop
      vertex 6.947759065032006 -24.76536686718464 -6.11
      vertex 7.031851652264596 -24.517638087272644 -6.11
      vertex 6.947759065032006 -24.76536686718464 -4
    endloop
  endfacet
  facet normal 0.9807852789163829 -0.19509032949101543 0
    outer loop
      vertex 7.031851652264596 -24.517638087272644 -6.11
      vertex 7.082889723777772 -24.261052384972572 -6.11
      vertex 7.031851652264596 -24.517638087272644 -4
    endloop
  endfacet
  facet normal 0.9978589242477587 -0.06540311383340917 0
    outer loop
      vertex 7.082889723777772 -24.261052384972572 -6.11
      vertex 7.0999999970197685 -24 -6.11
      vertex 7.082889723777772 -24.261052384972572 -4
    endloop
  endfacet
  facet normal 0.06540314219103631 -0.9978589223891016 0
    outer loop
      vertex 5.361052381992341 -25.982889719307423 -6.11
      vertex 5.361052381992341 -25.982889719307423 -4
      vertex 5.0999999970197685 -26 -4
    endloop
  endfacet
  facet normal 0.1950902966461932 -0.9807852854496241 0
    outer loop
      vertex 5.617638091742993 -25.931851655244827 -6.11
      vertex 5.617638091742993 -25.931851655244827 -4
      vertex 5.361052381992341 -25.982889719307423 -4
    endloop
  endfacet
  facet normal 0.32143946659727035 -0.946930129055815 0
    outer loop
      vertex 5.8653668642044074 -25.847759068012238 -6.11
      vertex 5.8653668642044074 -25.847759068012238 -4
      vertex 5.617638091742993 -25.931851655244827 -4
    endloop
  endfacet
  facet normal 0.44228870708373325 -0.8968727332159229 0
    outer loop
      vertex 6.0999999970197685 -25.73205080628395 -6.11
      vertex 6.0999999970197685 -25.73205080628395 -4
      vertex 5.8653668642044074 -25.847759068012238 -4
    endloop
  endfacet
  facet normal 0.5555702203832521 -0.8314696207458843 0
    outer loop
      vertex 6.317522856593133 -25.586706683039665 -6.11
      vertex 6.317522856593133 -25.586706683039665 -4
      vertex 6.0999999970197685 -25.73205080628395 -4
    endloop
  endfacet
  facet normal 0.6593458167485154 -0.7518398060333287 0
    outer loop
      vertex 6.514213564991952 -25.414213560521603 -6.11
      vertex 6.514213564991952 -25.414213560521603 -4
      vertex 6.317522856593133 -25.586706683039665 -4
    endloop
  endfacet
  facet normal 0.7518398077701628 -0.6593458147680356 0
    outer loop
      vertex 6.686706680059434 -25.217522859573364 -6.11
      vertex 6.686706680059434 -25.217522859573364 -4
      vertex 6.514213564991952 -25.414213560521603 -4
    endloop
  endfacet
  facet normal 0.8314696075900938 -0.5555702400722841 0
    outer loop
      vertex 6.8320508107543 -25 -6.11
      vertex 6.8320508107543 -25 -4
      vertex 6.686706680059434 -25.217522859573364 -4
    endloop
  endfacet
  facet normal 0.8968727445130562 -0.4422886841754128 0
    outer loop
      vertex 6.947759065032006 -24.76536686718464 -6.11
      vertex 6.947759065032006 -24.76536686718464 -4
      vertex 6.8320508107543 -25 -4
    endloop
  endfacet
  facet normal 0.9469301319984064 -0.32143945792867507 0
    outer loop
      vertex 7.031851652264596 -24.517638087272644 -6.11
      vertex 7.031851652264596 -24.517638087272644 -4
      vertex 6.947759065032006 -24.76536686718464 -4
    endloop
  endfacet
  facet normal 0.9807852789163829 -0.19509032949101543 0
    outer loop
      vertex 7.082889723777772 -24.261052384972572 -6.11
      vertex 7.082889723777772 -24.261052384972572 -4
      vertex 7.031851652264596 -24.517638087272644 -4
    endloop
  endfacet
  facet normal 0.9978589242477587 -0.06540311383340917 0
    outer loop
      vertex 7.0999999970197685 -24 -6.11
      vertex 7.0999999970197685 -24 -4
      vertex 7.082889723777772 -24.261052384972572 -4
    endloop
  endfacet
  facet normal 0 0 1
    outer loop
      vertex 5.0999999970197685 -26 -4
      vertex 5.361052381992341 -25.982889719307423 -4
      vertex 5.4 -10 -4
    endloop
  endfacet
  facet normal 0 0 1
    outer loop
      vertex 5.361052381992341 -25.982889719307423 -4
      vertex 5.617638091742993 -25.931851655244827 -4
      vertex 5.4 -10 -4
    endloop
  endfacet
  facet normal 0 0 -1
    outer loop
      vertex 5.0999999970197685 -26 -6.11
      vertex -0.25 -9 -6.11
      vertex -0.09336856752634048 -8.989733830094337 -6.11
    endloop
  endfacet
  facet normal 0 0 -1
    outer loop
      vertex 5.0999999970197685 -26 -6.11
      vertex -0.09336856752634048 -8.989733830094337 -6.11
      vertex 0.060582853853702545 -8.959110990166664 -6.11
    endloop
  endfacet
  facet normal 0 0 -1
    outer loop
      vertex 5.0999999970197685 -26 -6.11
      vertex 0.060582853853702545 -8.959110990166664 -6.11
      vertex 0.20922011882066727 -8.908655442297459 -6.11
    endloop
  endfacet
  facet normal 0 0 -1
    outer loop
      vertex 5.0999999970197685 -26 -6.11
      vertex 0.20922011882066727 -8.908655442297459 -6.11
      vertex 0.3500000014901161 -8.839230485260487 -6.11
    endloop
  endfacet
  facet normal 0 0 -1
    outer loop
      vertex 5.0999999970197685 -26 -6.11
      vertex 0.3500000014901161 -8.839230485260487 -6.11
      vertex 0.48051371425390244 -8.7520240098238 -6.11
    endloop
  endfacet
  facet normal 0 0 -1
    outer loop
      vertex 5.0999999970197685 -26 -6.11
      vertex 0.48051371425390244 -8.7520240098238 -6.11
      vertex 0.5985281392931938 -8.648528136312962 -6.11
    endloop
  endfacet
  facet normal 0 0 -1
    outer loop
      vertex 5.0999999970197685 -26 -6.11
      vertex 0.5985281392931938 -8.648528136312962 -6.11
      vertex 0.7020240053534508 -8.53051371127367 -6.11
    endloop
  endfacet
  facet normal 0 0 -1
    outer loop
      vertex 5.0999999970197685 -26 -6.11
      vertex 0.7020240053534508 -8.53051371127367 -6.11
      vertex 0.7892304882407188 -8.399999998509884 -6.11
    endloop
  endfacet
  facet normal 0 0 -1
    outer loop
      vertex 5.0999999970197685 -26 -6.11
      vertex 0.7892304882407188 -8.399999998509884 -6.11
      vertex 0.8586554378271103 -8.259220115840435 -6.11
    endloop
  endfacet
  facet normal 0 0 -1
    outer loop
      vertex 5.0999999970197685 -26 -6.11
      vertex 5.0999999970197685 1 -6.11
      vertex 5.361052381992341 -25.982889719307423 -6.11
    endloop
  endfacet
  facet normal 0 0 -1
    outer loop
      vertex 5.361052381992341 -25.982889719307423 -6.11
      vertex 5.361052381992341 0.9828897193074226 -6.11
      vertex 5.617638091742993 -25.931851655244827 -6.11
    endloop
  endfacet
  facet normal 0 0 -1
    outer loop
      vertex 5.617638091742993 -25.931851655244827 -6.11
      vertex 5.617638091742993 0.9318516552448273 -6.11
      vertex 5.8653668642044074 -25.847759068012238 -6.11
    endloop
  endfacet
  facet normal 0 0 -1
    outer loop
      vertex 5.8653668642044074 -25.847759068012238 -6.11
      vertex 5.8653668642044074 0.8477590680122375 -6.11
      vertex 6.0999999970197685 -25.73205080628395 -6.11
    endloop
  endfacet
  facet normal 0 0 -1
    outer loop
      vertex 6.0999999970197685 -25.73205080628395 -6.11
      vertex 6.0999999970197685 0.7320508062839508 -6.11
      vertex 6.317522856593133 -25.586706683039665 -6.11
    endloop
  endfacet
  facet normal 0 0 -1
    outer loop
      vertex 6.317522856593133 -25.586706683039665 -6.11
      vertex 6.317522856593133 0.5867066830396652 -6.11
      vertex 6.514213564991952 -25.414213560521603 -6.11
    endloop
  endfacet
  facet normal 0 0 -1
    outer loop
      vertex 6.514213564991952 -25.414213560521603 -6.11
      vertex 6.514213564991952 0.41421356052160263 -6.11
      vertex 6.686706680059434 -25.217522859573364 -6.11
    endloop
  endfacet
  facet normal 0 0 -1
    outer loop
      vertex 6.686706680059434 -25.217522859573364 -6.11
      vertex 6.686706680059434 0.21752285957336426 -6.11
      vertex 6.8320508107543 -25 -6.11
    endloop
  endfacet
  facet normal 0 0 -1
    outer loop
      vertex 6.8320508107543 -25 -6.11
      vertex 6.8320508107543 0 -6.11
      vertex 6.947759065032006 -24.76536686718464 -6.11
    endloop
  endfacet
  facet normal 0 0 -1
    outer loop
      vertex 6.947759065032006 -24.76536686718464 -6.11
      vertex 6.947759065032006 -0.23463313281536102 -6.11
      vertex 7.031851652264596 -24.517638087272644 -6.11
    endloop
  endfacet
  facet normal 0 0 -1
    outer loop
      vertex 7.031851652264596 -24.517638087272644 -6.11
      vertex 7.031851652264596 -0.48236191272735596 -6.11
      vertex 7.082889723777772 -24.261052384972572 -6.11
    endloop
  endfacet
  facet normal 0 0 -1
    outer loop
      vertex 7.082889723777772 -24.261052384972572 -6.11
      vertex 7.082889723777772 -0.7389476150274277 -6.11
      vertex 7.0999999970197685 -24 -6.11
    endloop
  endfacet
  facet normal 1 0 0
    outer loop
      vertex 7.0999999970197685 -24 -6.11
      vertex 7.0999999970197685 -1 -6.11
      vertex 7.0999999970197685 -24 -4
    endloop
  endfacet
  facet normal 0 0 1
    outer loop
      vertex 5.0999999970197685 -26 -4
      vertex -0.09336856752634048 -8.989733830094337 -4
      vertex -0.25 -9 -4
    endloop
  endfacet
  facet normal 0 0 1
    outer loop
      vertex 5.0999999970197685 -26 -4
      vertex 2.2 -10 -4
      vertex -0.09336856752634048 -8.989733830094337 -4
    endloop
  endfacet
  facet normal 0 0 1
    outer loop
      vertex 5.617638091742993 -25.931851655244827 -4
      vertex 5.8653668642044074 -25.847759068012238 -4
      vertex 5.617638091742993 0.9318516552448273 -4
    endloop
  endfacet
  facet normal 0 0 1
    outer loop
      vertex 5.8653668642044074 -25.847759068012238 -4
      vertex 6.0999999970197685 -25.73205080628395 -4
      vertex 5.8653668642044074 0.8477590680122375 -4
    endloop
  endfacet
  facet normal 0 0 1
    outer loop
      vertex 6.0999999970197685 -25.73205080628395 -4
      vertex 6.317522856593133 -25.586706683039665 -4
      vertex 6.0999999970197685 0.7320508062839508 -4
    endloop
  endfacet
  facet normal 0 0 1
    outer loop
      vertex 6.317522856593133 -25.586706683039665 -4
      vertex 6.514213564991952 -25.414213560521603 -4
      vertex 6.317522856593133 0.5867066830396652 -4
    endloop
  endfacet
  facet normal 0 0 1
    outer loop
      vertex 6.514213564991952 -25.414213560521603 -4
      vertex 6.686706680059434 -25.217522859573364 -4
      vertex 6.514213564991952 0.41421356052160263 -4
    endloop
  endfacet
  facet normal 0 0 1
    outer loop
      vertex 6.686706680059434 -25.217522859573364 -4
      vertex 6.8320508107543 -25 -4
      vertex 6.686706680059434 0.21752285957336426 -4
    endloop
  endfacet
  facet normal 0 0 1
    outer loop
      vertex 6.8320508107543 -25 -4
      vertex 6.947759065032006 -24.76536686718464 -4
      vertex 6.8320508107543 0 -4
    endloop
  endfacet
  facet normal 0 0 1
    outer loop
      vertex 6.947759065032006 -24.76536686718464 -4
      vertex 7.031851652264596 -24.517638087272644 -4
      vertex 6.947759065032006 -0.23463313281536102 -4
    endloop
  endfacet
  facet normal 0 0 1
    outer loop
      vertex 7.031851652264596 -24.517638087272644 -4
      vertex 7.082889723777772 -24.261052384972572 -4
      vertex 7.031851652264596 -0.48236191272735596 -4
    endloop
  endfacet
  facet normal 0 0 1
    outer loop
      vertex 7.082889723777772 -24.261052384972572 -4
      vertex 7.0999999970197685 -24 -4
      vertex 7.082889723777772 -0.7389476150274277 -4
    endloop
  endfacet
  facet normal 0 0 1
    outer loop
      vertex 5.0999999970197685 -26 -4
      vertex 5.4 -10 -4
      vertex 2.2 -10 -4
    endloop
  endfacet
  facet normal 0 0 1
    outer loop
      vertex 5.617638091742993 -25.931851655244827 -4
      vertex 5.4 -2 -4
      vertex 5.4 -10 -4
    endloop
  endfacet
  facet normal 0 0 1
    outer loop
      vertex -4.288625399955029 -14.68862539995503 -4
      vertex -0.25 -9 -4
      vertex -10.299999997019768 -9 -4
    endloop
  endfacet
  facet normal 0 0 1
    outer loop
      vertex 2.2 -10 -4
      vertex 0.060582853853702545 -8.959110990166664 -4
      vertex -0.09336856752634048 -8.989733830094337 -4
    endloop
  endfacet
  facet normal 0 0 1
    outer loop
      vertex 2.2 -10 -4
      vertex 0.20922011882066727 -8.908655442297459 -4
      vertex 0.060582853853702545 -8.959110990166664 -4
    endloop
  endfacet
  facet normal 0 0 -1
    outer loop
      vertex 5.0999999970197685 1 -6.11
      vertex -0.25 -2 -6.11
      vertex -10.299999997019768 -2 -6.11
    endloop
  endfacet
  facet normal 0 1 0
    outer loop
      vertex -15.7 1 -6.11
      vertex 5.0999999970197685 1 -4
      vertex 5.0999999970197685 1 -6.11
    endloop
  endfacet
  facet normal 0 0 1
    outer loop
      vertex -10.299999997019768 -2 -4
      vertex -0.25 -2 -4
      vertex 5.0999999970197685 1 -4
    endloop
  endfacet
  facet normal 0 0 1
    outer loop
      vertex 2.2 -2 -4
      vertex -0.25 -2 -4
      vertex -0.09336856752634048 -2.0102661699056625 -4
    endloop
  endfacet
  facet normal 0 0 1
    outer loop
      vertex 2.2 -2 -4
      vertex -0.09336856752634048 -2.0102661699056625 -4
      vertex 0.060582853853702545 -2.040889009833336 -4
    endloop
  endfacet
  facet normal 0 0 1
    outer loop
      vertex 2.2 -2 -4
      vertex 0.060582853853702545 -2.040889009833336 -4
      vertex 0.20922011882066727 -2.0913445577025414 -4
    endloop
  endfacet
  facet normal 0 0 -1
    outer loop
      vertex 5.0999999970197685 -26 -6.11
      vertex 0.8586554378271103 -8.259220115840435 -6.11
      vertex 5.0999999970197685 1 -6.11
    endloop
  endfacet
  facet normal 0 0 -1
    outer loop
      vertex 5.361052381992341 -25.982889719307423 -6.11
      vertex 5.0999999970197685 1 -6.11
      vertex 5.361052381992341 0.9828897193074226 -6.11
    endloop
  endfacet
  facet normal 0 0 -1
    outer loop
      vertex 5.617638091742993 -25.931851655244827 -6.11
      vertex 5.361052381992341 0.9828897193074226 -6.11
      vertex 5.617638091742993 0.9318516552448273 -6.11
    endloop
  endfacet
  facet normal 0 0 -1
    outer loop
      vertex 5.8653668642044074 -25.847759068012238 -6.11
      vertex 5.617638091742993 0.9318516552448273 -6.11
      vertex 5.8653668642044074 0.8477590680122375 -6.11
    endloop
  endfacet
  facet normal 0 0 -1
    outer loop
      vertex 6.0999999970197685 -25.73205080628395 -6.11
      vertex 5.8653668642044074 0.8477590680122375 -6.11
      vertex 6.0999999970197685 0.7320508062839508 -6.11
    endloop
  endfacet
  facet normal 0 0 -1
    outer loop
      vertex 6.317522856593133 -25.586706683039665 -6.11
      vertex 6.0999999970197685 0.7320508062839508 -6.11
      vertex 6.317522856593133 0.5867066830396652 -6.11
    endloop
  endfacet
  facet normal 0 0 -1
    outer loop
      vertex 7.0999999970197685 -24 -6.11
      vertex 7.082889723777772 -0.7389476150274277 -6.11
      vertex 7.0999999970197685 -1 -6.11
    endloop
  endfacet
  facet normal 0 0 -1
    outer loop
      vertex 7.082889723777772 -24.261052384972572 -6.11
      vertex 7.031851652264596 -0.48236191272735596 -6.11
      vertex 7.082889723777772 -0.7389476150274277 -6.11
    endloop
  endfacet
  facet normal 0 0 -1
    outer loop
      vertex 6.947759065032006 -24.76536686718464 -6.11
      vertex 6.8320508107543 0 -6.11
      vertex 6.947759065032006 -0.23463313281536102 -6.11
    endloop
  endfacet
  facet normal 0 0 -1
    outer loop
      vertex 7.031851652264596 -24.517638087272644 -6.11
      vertex 6.947759065032006 -0.23463313281536102 -6.11
      vertex 7.031851652264596 -0.48236191272735596 -6.11
    endloop
  endfacet
  facet normal 0 0 -1
    outer loop
      vertex 6.514213564991952 -25.414213560521603 -6.11
      vertex 6.317522856593133 0.5867066830396652 -6.11
      vertex 6.514213564991952 0.41421356052160263 -6.11
    endloop
  endfacet
  facet normal 0 0 -1
    outer loop
      vertex 6.686706680059434 -25.217522859573364 -6.11
      vertex 6.514213564991952 0.41421356052160263 -6.11
      vertex 6.686706680059434 0.21752285957336426 -6.11
    endloop
  endfacet
  facet normal 0 0 -1
    outer loop
      vertex 6.8320508107543 -25 -6.11
      vertex 6.686706680059434 0.21752285957336426 -6.11
      vertex 6.8320508107543 0 -6.11
    endloop
  endfacet
  facet normal 0 0 1
    outer loop
      vertex 2.2 -10 -4
      vertex 0.3500000014901161 -8.839230485260487 -4
      vertex 0.20922011882066727 -8.908655442297459 -4
    endloop
  endfacet
  facet normal 0 0 1
    outer loop
      vertex 2.2 -10 -4
      vertex 0.48051371425390244 -8.7520240098238 -4
      vertex 0.3500000014901161 -8.839230485260487 -4
    endloop
  endfacet
  facet normal 0 0 1
    outer loop
      vertex 2.2 -10 -4
      vertex 0.5985281392931938 -8.648528136312962 -4
      vertex 0.48051371425390244 -8.7520240098238 -4
    endloop
  endfacet
  facet normal 0 0 1
    outer loop
      vertex 2.2 -10 -4
      vertex 0.7020240053534508 -8.53051371127367 -4
      vertex 0.5985281392931938 -8.648528136312962 -4
    endloop
  endfacet
  facet normal 0 0 1
    outer loop
      vertex 2.2 -10 -4
      vertex 0.7892304882407188 -8.399999998509884 -4
      vertex 0.7020240053534508 -8.53051371127367 -4
    endloop
  endfacet
  facet normal 0 0 1
    outer loop
      vertex 2.2 -10 -4
      vertex 0.8586554378271103 -8.259220115840435 -4
      vertex 0.7892304882407188 -8.399999998509884 -4
    endloop
  endfacet
  facet normal 0 0 1
    outer loop
      vertex 2.2 -10 -4
      vertex 0.9091109931468964 -8.11058285087347 -4
      vertex 0.8586554378271103 -8.259220115840435 -4
    endloop
  endfacet
  facet normal 0 0 1
    outer loop
      vertex 2.2 -2 -4
      vertex 0.9397338330745697 -7.956631429493427 -4
      vertex 0.9091109931468964 -8.11058285087347 -4
    endloop
  endfacet
  facet normal 0 0 1
    outer loop
      vertex 2.2 -2 -4
      vertex 0.9500000029802322 -7.799999997019768 -4
      vertex 0.9397338330745697 -7.956631429493427 -4
    endloop
  endfacet
  facet normal 0 0 1
    outer loop
      vertex 2.2 -10 -4
      vertex 2.2 -2 -4
      vertex 0.9091109931468964 -8.11058285087347 -4
    endloop
  endfacet
  facet normal 1 0 0
    outer loop
      vertex 7.0999999970197685 -24 -4
      vertex 7.0999999970197685 -1 -6.11
      vertex 7.0999999970197685 -1 -4
    endloop
  endfacet
  facet normal 0 0 1
    outer loop
      vertex 5.617638091742993 -25.931851655244827 -4
      vertex 5.617638091742993 0.9318516552448273 -4
      vertex 5.4 -2 -4
    endloop
  endfacet
  facet normal 0 0 1
    outer loop
      vertex 5.8653668642044074 -25.847759068012238 -4
      vertex 5.8653668642044074 0.8477590680122375 -4
      vertex 5.617638091742993 0.9318516552448273 -4
    endloop
  endfacet
  facet normal 0 0 1
    outer loop
      vertex 6.0999999970197685 -25.73205080628395 -4
      vertex 6.0999999970197685 0.7320508062839508 -4
      vertex 5.8653668642044074 0.8477590680122375 -4
    endloop
  endfacet
  facet normal 0 0 1
    outer loop
      vertex 6.317522856593133 -25.586706683039665 -4
      vertex 6.317522856593133 0.5867066830396652 -4
      vertex 6.0999999970197685 0.7320508062839508 -4
    endloop
  endfacet
  facet normal 0 0 1
    outer loop
      vertex 7.0999999970197685 -24 -4
      vertex 7.0999999970197685 -1 -4
      vertex 7.082889723777772 -0.7389476150274277 -4
    endloop
  endfacet
  facet normal 0 0 1
    outer loop
      vertex 7.082889723777772 -24.261052384972572 -4
      vertex 7.082889723777772 -0.7389476150274277 -4
      vertex 7.031851652264596 -0.48236191272735596 -4
    endloop
  endfacet
  facet normal 0 0 1
    outer loop
      vertex 6.947759065032006 -24.76536686718464 -4
      vertex 6.947759065032006 -0.23463313281536102 -4
      vertex 6.8320508107543 0 -4
    endloop
  endfacet
  facet normal 0 0 1
    outer loop
      vertex 7.031851652264596 -24.517638087272644 -4
      vertex 7.031851652264596 -0.48236191272735596 -4
      vertex 6.947759065032006 -0.23463313281536102 -4
    endloop
  endfacet
  facet normal 0 0 1
    outer loop
      vertex 6.514213564991952 -25.414213560521603 -4
      vertex 6.514213564991952 0.41421356052160263 -4
      vertex 6.317522856593133 0.5867066830396652 -4
    endloop
  endfacet
  facet normal 0 0 1
    outer loop
      vertex 6.686706680059434 -25.217522859573364 -4
      vertex 6.686706680059434 0.21752285957336426 -4
      vertex 6.514213564991952 0.41421356052160263 -4
    endloop
  endfacet
  facet normal 0 0 1
    outer loop
      vertex 6.8320508107543 -25 -4
      vertex 6.8320508107543 0 -4
      vertex 6.686706680059434 0.21752285957336426 -4
    endloop
  endfacet
  facet normal 0 0 -1
    outer loop
      vertex 5.0999999970197685 1 -6.11
      vertex 0.8586554378271103 -8.259220115840435 -6.11
      vertex 0.9091109931468964 -8.11058285087347 -6.11
    endloop
  endfacet
  facet normal 0 0 -1
    outer loop
      vertex 5.0999999970197685 1 -6.11
      vertex 0.9091109931468964 -8.11058285087347 -6.11
      vertex 0.9397338330745697 -7.956631429493427 -6.11
    endloop
  endfacet
  facet normal 0 0 -1
    outer loop
      vertex 5.0999999970197685 1 -6.11
      vertex 0.9397338330745697 -7.956631429493427 -6.11
      vertex 0.9500000029802322 -7.799999997019768 -6.11
    endloop
  endfacet
  facet normal 0 0 -1
    outer loop
      vertex 5.0999999970197685 1 -6.11
      vertex 0.9500000029802322 -7.799999997019768 -6.11
      vertex 0.9500000029802322 -3.2000000029802322 -6.11
    endloop
  endfacet
  facet normal 0 0 -1
    outer loop
      vertex 5.0999999970197685 1 -6.11
      vertex -0.09336856752634048 -2.0102661699056625 -6.11
      vertex -0.25 -2 -6.11
    endloop
  endfacet
  facet normal 0 0 -1
    outer loop
      vertex 5.0999999970197685 1 -6.11
      vertex 0.9500000029802322 -3.2000000029802322 -6.11
      vertex 0.9397338330745697 -3.0433685705065727 -6.11
    endloop
  endfacet
  facet normal 0 0 -1
    outer loop
      vertex 5.0999999970197685 1 -6.11
      vertex 0.9397338330745697 -3.0433685705065727 -6.11
      vertex 0.9091109931468964 -2.8894171491265297 -6.11
    endloop
  endfacet
  facet normal 0 0 -1
    outer loop
      vertex 5.0999999970197685 1 -6.11
      vertex 0.9091109931468964 -2.8894171491265297 -6.11
      vertex 0.8586554378271103 -2.740779884159565 -6.11
    endloop
  endfacet
  facet normal 0 0 -1
    outer loop
      vertex 5.0999999970197685 1 -6.11
      vertex 0.48051371425390244 -2.247975990176201 -6.11
      vertex 0.3500000014901161 -2.1607695147395134 -6.11
    endloop
  endfacet
  facet normal 0 0 -1
    outer loop
      vertex 5.0999999970197685 1 -6.11
      vertex 0.5985281392931938 -2.3514718636870384 -6.11
      vertex 0.48051371425390244 -2.247975990176201 -6.11
    endloop
  endfacet
  facet normal 0 0 -1
    outer loop
      vertex 5.0999999970197685 1 -6.11
      vertex 0.060582853853702545 -2.040889009833336 -6.11
      vertex -0.09336856752634048 -2.0102661699056625 -6.11
    endloop
  endfacet
  facet normal 0 0 -1
    outer loop
      vertex 5.0999999970197685 1 -6.11
      vertex 0.20922011882066727 -2.0913445577025414 -6.11
      vertex 0.060582853853702545 -2.040889009833336 -6.11
    endloop
  endfacet
  facet normal 0 0 -1
    outer loop
      vertex 5.0999999970197685 1 -6.11
      vertex 0.3500000014901161 -2.1607695147395134 -6.11
      vertex 0.20922011882066727 -2.0913445577025414 -6.11
    endloop
  endfacet
  facet normal 0 0 -1
    outer loop
      vertex 5.0999999970197685 1 -6.11
      vertex 0.8586554378271103 -2.740779884159565 -6.11
      vertex 0.7892304882407188 -2.600000001490116 -6.11
    endloop
  endfacet
  facet normal 0 0 -1
    outer loop
      vertex 5.0999999970197685 1 -6.11
      vertex 0.7892304882407188 -2.600000001490116 -6.11
      vertex 0.7020240053534508 -2.46948628872633 -6.11
    endloop
  endfacet
  facet normal 0 0 -1
    outer loop
      vertex 5.0999999970197685 1 -6.11
      vertex 0.7020240053534508 -2.46948628872633 -6.11
      vertex 0.5985281392931938 -2.3514718636870384 -6.11
    endloop
  endfacet
  facet normal 0.06540314219103631 0.9978589223891016 0
    outer loop
      vertex 5.0999999970197685 1 -6.11
      vertex 5.361052381992341 0.9828897193074226 -4
      vertex 5.361052381992341 0.9828897193074226 -6.11
    endloop
  endfacet
  facet normal 0.1950902966461932 0.9807852854496241 0
    outer loop
      vertex 5.361052381992341 0.9828897193074226 -6.11
      vertex 5.617638091742993 0.9318516552448273 -4
      vertex 5.617638091742993 0.9318516552448273 -6.11
    endloop
  endfacet
  facet normal 0.9978589242477587 0.06540311383340917 0
    outer loop
      vertex 7.0999999970197685 -1 -6.11
      vertex 7.082889723777772 -0.7389476150274277 -6.11
      vertex 7.0999999970197685 -1 -4
    endloop
  endfacet
  facet normal 0.32143946659727035 0.946930129055815 0
    outer loop
      vertex 5.617638091742993 0.9318516552448273 -6.11
      vertex 5.8653668642044074 0.8477590680122375 -4
      vertex 5.8653668642044074 0.8477590680122375 -6.11
    endloop
  endfacet
  facet normal 0.44228870708373325 0.8968727332159229 0
    outer loop
      vertex 5.8653668642044074 0.8477590680122375 -6.11
      vertex 6.0999999970197685 0.7320508062839508 -4
      vertex 6.0999999970197685 0.7320508062839508 -6.11
    endloop
  endfacet
  facet normal 0.5555702203832521 0.8314696207458843 0
    outer loop
      vertex 6.0999999970197685 0.7320508062839508 -6.11
      vertex 6.317522856593133 0.5867066830396652 -4
      vertex 6.317522856593133 0.5867066830396652 -6.11
    endloop
  endfacet
  facet normal 0.9807852789163829 0.19509032949101543 0
    outer loop
      vertex 7.082889723777772 -0.7389476150274277 -6.11
      vertex 7.031851652264596 -0.48236191272735596 -6.11
      vertex 7.082889723777772 -0.7389476150274277 -4
    endloop
  endfacet
  facet normal 0.9469301319984064 0.32143945792867507 0
    outer loop
      vertex 7.031851652264596 -0.48236191272735596 -6.11
      vertex 6.947759065032006 -0.23463313281536102 -6.11
      vertex 7.031851652264596 -0.48236191272735596 -4
    endloop
  endfacet
  facet normal 0.8314696075900938 0.5555702400722841 0
    outer loop
      vertex 6.8320508107543 0 -6.11
      vertex 6.686706680059434 0.21752285957336426 -6.11
      vertex 6.8320508107543 0 -4
    endloop
  endfacet
  facet normal 0.8968727445130562 0.4422886841754128 0
    outer loop
      vertex 6.8320508107543 0 -6.11
      vertex 6.947759065032006 -0.23463313281536102 -4
      vertex 6.947759065032006 -0.23463313281536102 -6.11
    endloop
  endfacet
  facet normal 0.6593458167485154 0.7518398060333287 0
    outer loop
      vertex 6.317522856593133 0.5867066830396652 -6.11
      vertex 6.514213564991952 0.41421356052160263 -4
      vertex 6.514213564991952 0.41421356052160263 -6.11
    endloop
  endfacet
  facet normal 0.7518398077701628 0.6593458147680356 0
    outer loop
      vertex 6.514213564991952 0.41421356052160263 -6.11
      vertex 6.686706680059434 0.21752285957336426 -4
      vertex 6.686706680059434 0.21752285957336426 -6.11
    endloop
  endfacet
  facet normal 0 0 1
    outer loop
      vertex 2.2 -2 -4
      vertex 0.9500000029802322 -3.2000000029802322 -4
      vertex 0.9500000029802322 -7.799999997019768 -4
    endloop
  endfacet
  facet normal 0 0 1
    outer loop
      vertex 2.2 -2 -4
      vertex 0.7892304882407188 -2.600000001490116 -4
      vertex 0.8586554378271103 -2.740779884159565 -4
    endloop
  endfacet
  facet normal 0 0 1
    outer loop
      vertex 2.2 -2 -4
      vertex 0.9397338330745697 -3.0433685705065727 -4
      vertex 0.9500000029802322 -3.2000000029802322 -4
    endloop
  endfacet
  facet normal 0 0 1
    outer loop
      vertex 2.2 -2 -4
      vertex 0.9091109931468964 -2.8894171491265297 -4
      vertex 0.9397338330745697 -3.0433685705065727 -4
    endloop
  endfacet
  facet normal 0 0 1
    outer loop
      vertex 2.2 -2 -4
      vertex 0.8586554378271103 -2.740779884159565 -4
      vertex 0.9091109931468964 -2.8894171491265297 -4
    endloop
  endfacet
  facet normal 0 0 1
    outer loop
      vertex 2.2 -2 -4
      vertex 0.48051371425390244 -2.247975990176201 -4
      vertex 0.5985281392931938 -2.3514718636870384 -4
    endloop
  endfacet
  facet normal 0 0 1
    outer loop
      vertex 2.2 -2 -4
      vertex 0.20922011882066727 -2.0913445577025414 -4
      vertex 0.3500000014901161 -2.1607695147395134 -4
    endloop
  endfacet
  facet normal 0 0 1
    outer loop
      vertex 2.2 -2 -4
      vertex 0.3500000014901161 -2.1607695147395134 -4
      vertex 0.48051371425390244 -2.247975990176201 -4
    endloop
  endfacet
  facet normal 0 0 1
    outer loop
      vertex 2.2 -2 -4
      vertex 0.5985281392931938 -2.3514718636870384 -4
      vertex 0.7020240053534508 -2.46948628872633 -4
    endloop
  endfacet
  facet normal 0 0 1
    outer loop
      vertex 2.2 -2 -4
      vertex 0.7020240053534508 -2.46948628872633 -4
      vertex 0.7892304882407188 -2.600000001490116 -4
    endloop
  endfacet
  facet normal 0 0 1
    outer loop
      vertex -0.25 -2 -4
      vertex 2.2 -2 -4
      vertex 5.0999999970197685 1 -4
    endloop
  endfacet
  facet normal 0.06540314219103631 0.9978589223891016 0
    outer loop
      vertex 5.0999999970197685 1 -6.11
      vertex 5.0999999970197685 1 -4
      vertex 5.361052381992341 0.9828897193074226 -4
    endloop
  endfacet
  facet normal 0.1950902966461932 0.9807852854496241 0
    outer loop
      vertex 5.361052381992341 0.9828897193074226 -6.11
      vertex 5.361052381992341 0.9828897193074226 -4
      vertex 5.617638091742993 0.9318516552448273 -4
    endloop
  endfacet
  facet normal 0.9978589242477587 0.06540311383340917 0
    outer loop
      vertex 7.082889723777772 -0.7389476150274277 -6.11
      vertex 7.082889723777772 -0.7389476150274277 -4
      vertex 7.0999999970197685 -1 -4
    endloop
  endfacet
  facet normal 0.32143946659727035 0.946930129055815 0
    outer loop
      vertex 5.617638091742993 0.9318516552448273 -6.11
      vertex 5.617638091742993 0.9318516552448273 -4
      vertex 5.8653668642044074 0.8477590680122375 -4
    endloop
  endfacet
  facet normal 0.44228870708373325 0.8968727332159229 0
    outer loop
      vertex 5.8653668642044074 0.8477590680122375 -6.11
      vertex 5.8653668642044074 0.8477590680122375 -4
      vertex 6.0999999970197685 0.7320508062839508 -4
    endloop
  endfacet
  facet normal 0.5555702203832521 0.8314696207458843 0
    outer loop
      vertex 6.0999999970197685 0.7320508062839508 -6.11
      vertex 6.0999999970197685 0.7320508062839508 -4
      vertex 6.317522856593133 0.5867066830396652 -4
    endloop
  endfacet
  facet normal 0.9807852789163829 0.19509032949101543 0
    outer loop
      vertex 7.031851652264596 -0.48236191272735596 -6.11
      vertex 7.031851652264596 -0.48236191272735596 -4
      vertex 7.082889723777772 -0.7389476150274277 -4
    endloop
  endfacet
  facet normal 0.9469301319984064 0.32143945792867507 0
    outer loop
      vertex 6.947759065032006 -0.23463313281536102 -6.11
      vertex 6.947759065032006 -0.23463313281536102 -4
      vertex 7.031851652264596 -0.48236191272735596 -4
    endloop
  endfacet
  facet normal 0.8968727445130562 0.4422886841754128 0
    outer loop
      vertex 6.8320508107543 0 -6.11
      vertex 6.8320508107543 0 -4
      vertex 6.947759065032006 -0.23463313281536102 -4
    endloop
  endfacet
  facet normal 0.8314696075900938 0.5555702400722841 0
    outer loop
      vertex 6.686706680059434 0.21752285957336426 -6.11
      vertex 6.686706680059434 0.21752285957336426 -4
      vertex 6.8320508107543 0 -4
    endloop
  endfacet
  facet normal 0.6593458167485154 0.7518398060333287 0
    outer loop
      vertex 6.317522856593133 0.5867066830396652 -6.11
      vertex 6.317522856593133 0.5867066830396652 -4
      vertex 6.514213564991952 0.41421356052160263 -4
    endloop
  endfacet
  facet normal 0.7518398077701628 0.6593458147680356 0
    outer loop
      vertex 6.514213564991952 0.41421356052160263 -6.11
      vertex 6.514213564991952 0.41421356052160263 -4
      vertex 6.686706680059434 0.21752285957336426 -4
    endloop
  endfacet
  facet normal 0 0 1
    outer loop
      vertex 2.2 -2 -4
      vertex 5.4 -2 -4
      vertex 5.617638091742993 0.9318516552448273 -4
    endloop
  endfacet
  facet normal 0 0 1
    outer loop
      vertex 2.2 -2 -4
      vertex 5.361052381992341 0.9828897193074226 -4
      vertex 5.0999999970197685 1 -4
    endloop
  endfacet
  facet normal 0 0 1
    outer loop
      vertex 2.2 -2 -4
      vertex 5.617638091742993 0.9318516552448273 -4
      vertex 5.361052381992341 0.9828897193074226 -4
    endloop
  endfacet
  facet normal -0.7933533402912342 -0.6087614290087219 0
    outer loop
      vertex -6.111374600044972 -16.51137460004497 -4
      vertex -6.316201367321639 -16.244439159892977 -3.830315950113933
      vertex -6.316201367321639 -16.244439159892977 -4
    endloop
  endfacet
  facet normal -0.7933533402912342 -0.6087614290087219 0
    outer loop
      vertex -6.111374600044972 -16.51137460004497 -4
      vertex -6.111374600044972 -16.51137460004497 -3.830315950113933
      vertex -6.316201367321639 -16.244439159892977 -3.830315950113933
    endloop
  endfacet
  facet normal -0.9238795325112874 -0.38268343236508784 0
    outer loop
      vertex -6.316201367321639 -16.244439159892977 -4
      vertex -6.444960856025313 -15.933586255980341 -3.830315950113933
      vertex -6.444960856025313 -15.933586255980341 -4
    endloop
  endfacet
  facet normal -0.9238795325112874 -0.38268343236508784 0
    outer loop
      vertex -6.316201367321639 -16.244439159892977 -4
      vertex -6.316201367321639 -16.244439159892977 -3.830315950113933
      vertex -6.444960856025313 -15.933586255980341 -3.830315950113933
    endloop
  endfacet
  facet normal -0.7667581440947989 -0.5883542172166019 0.25675136523052666
    outer loop
      vertex -6.111374600044972 -16.51137460004497 -3.830315950113933
      vertex -6.049265927169645 -16.449265927169645 -3.5025115379253835
      vertex -6.316201367321639 -16.244439159892977 -3.830315950113933
    endloop
  endfacet
  facet normal -0.8929087705806844 -0.3698549227364037 0.25675136523052744
    outer loop
      vertex -6.316201367321639 -16.244439159892977 -3.830315950113933
      vertex -6.240134088748645 -16.200521696132338 -3.5025115379253835
      vertex -6.444960856025313 -15.933586255980341 -3.830315950113933
    endloop
  endfacet
  facet normal -0.3826834323650942 -0.923879532511285 0
    outer loop
      vertex -5.533586255980342 -16.844960856025313 -4
      vertex -5.844439159892977 -16.716201367321638 -3.830315950113933
      vertex -5.844439159892977 -16.716201367321638 -4
    endloop
  endfacet
  facet normal -0.13052619222004808 -0.9914448613738109 0
    outer loop
      vertex -5.533586255980342 -16.844960856025313 -4
      vertex -5.2 -16.888878319785952 -4
      vertex -5.533586255980342 -16.844960856025313 -3.830315950113933
    endloop
  endfacet
  facet normal -0.3826834323650942 -0.923879532511285 0
    outer loop
      vertex -5.533586255980342 -16.844960856025313 -4
      vertex -5.533586255980342 -16.844960856025313 -3.830315950113933
      vertex -5.844439159892977 -16.716201367321638 -3.830315950113933
    endloop
  endfacet
  facet normal -0.13052619222004808 -0.9914448613738109 0
    outer loop
      vertex -5.533586255980342 -16.844960856025313 -3.830315950113933
      vertex -5.2 -16.888878319785952 -4
      vertex -5.2 -16.888878319785952 -3.830315950113933
    endloop
  endfacet
  facet normal -0.36985492273641013 -0.8929087705806825 0.25675136523052405
    outer loop
      vertex -5.533586255980342 -16.844960856025313 -3.830315950113933
      vertex -5.8005216961323365 -16.640134088748646 -3.5025115379253835
      vertex -5.844439159892977 -16.716201367321638 -3.830315950113933
    endloop
  endfacet
  facet normal -0.1261506264858804 -0.9582091399530067 0.256751365230526
    outer loop
      vertex -5.533586255980342 -16.844960856025313 -3.830315950113933
      vertex -5.2 -16.888878319785952 -3.830315950113933
      vertex -5.510852903912635 -16.76011883108228 -3.5025115379253835
    endloop
  endfacet
  facet normal -0.6087614290087194 -0.793353340291236 0
    outer loop
      vertex -6.111374600044972 -16.51137460004497 -4
      vertex -5.844439159892977 -16.716201367321638 -4
      vertex -6.111374600044972 -16.51137460004497 -3.830315950113933
    endloop
  endfacet
  facet normal -0.6087614290087194 -0.793353340291236 0
    outer loop
      vertex -6.111374600044972 -16.51137460004497 -3.830315950113933
      vertex -5.844439159892977 -16.716201367321638 -4
      vertex -5.844439159892977 -16.716201367321638 -3.830315950113933
    endloop
  endfacet
  facet normal -0.5883542172165994 -0.7667581440948009 0.2567513652305261
    outer loop
      vertex -6.111374600044972 -16.51137460004497 -3.830315950113933
      vertex -5.844439159892977 -16.716201367321638 -3.830315950113933
      vertex -6.049265927169645 -16.449265927169645 -3.5025115379253835
    endloop
  endfacet
  facet normal -0.7667581440947989 -0.5883542172166017 0.25675136523052666
    outer loop
      vertex -6.316201367321639 -16.244439159892977 -3.830315950113933
      vertex -6.049265927169645 -16.449265927169645 -3.5025115379253835
      vertex -6.240134088748645 -16.200521696132338 -3.5025115379253835
    endloop
  endfacet
  facet normal -0.8929087705806841 -0.3698549227364049 0.25675136523052633
    outer loop
      vertex -6.444960856025313 -15.933586255980341 -3.830315950113933
      vertex -6.240134088748645 -16.200521696132338 -3.5025115379253835
      vertex -6.36011883108228 -15.910852903912634 -3.5025115379253835
    endloop
  endfacet
  facet normal -0.8018125360509213 -0.3321216269130569 0.4967815233764379
    outer loop
      vertex -6.36011883108228 -15.910852903912634 -3.5025115379253835
      vertex -6.240134088748645 -16.200521696132338 -3.5025115379253835
      vertex -6.093183390930285 -16.1156796711893 -3.2086101422886633
    endloop
  endfacet
  facet normal -0.6885320340783866 -0.5283292118363923 0.4967815233764394
    outer loop
      vertex -6.240134088748645 -16.200521696132338 -3.5025115379253835
      vertex -5.929281184836011 -16.32928118483601 -3.2086101422886633
      vertex -6.093183390930285 -16.1156796711893 -3.2086101422886633
    endloop
  endfacet
  facet normal -0.8018125360509214 -0.3321216269130601 0.4967815233764357
    outer loop
      vertex -6.36011883108228 -15.910852903912634 -3.5025115379253835
      vertex -6.093183390930285 -16.1156796711893 -3.2086101422886633
      vertex -6.196216624988005 -15.866935440151995 -3.2086101422886633
    endloop
  endfacet
  facet normal -0.3698549227364078 -0.8929087705806829 0.2567513652305262
    outer loop
      vertex -5.533586255980342 -16.844960856025313 -3.830315950113933
      vertex -5.510852903912635 -16.76011883108228 -3.5025115379253835
      vertex -5.8005216961323365 -16.640134088748646 -3.5025115379253835
    endloop
  endfacet
  facet normal -0.1261506264858846 -0.9582091399530073 0.25675136523052217
    outer loop
      vertex -5.510852903912635 -16.76011883108228 -3.5025115379253835
      vertex -5.2 -16.888878319785952 -3.830315950113933
      vertex -5.2 -16.801043392264674 -3.5025115379253835
    endloop
  endfacet
  facet normal -0.11328050197253522 -0.8604508387494494 0.49678152337644294
    outer loop
      vertex -5.510852903912635 -16.76011883108228 -3.5025115379253835
      vertex -5.2 -16.801043392264674 -3.5025115379253835
      vertex -5.466935440151994 -16.596216624988003 -3.2086101422886633
    endloop
  endfacet
  facet normal -0.5883542172166012 -0.7667581440948001 0.2567513652305243
    outer loop
      vertex -5.844439159892977 -16.716201367321638 -3.830315950113933
      vertex -5.8005216961323365 -16.640134088748646 -3.5025115379253835
      vertex -6.049265927169645 -16.449265927169645 -3.5025115379253835
    endloop
  endfacet
  facet normal -0.6885320340783856 -0.5283292118363964 0.4967815233764366
    outer loop
      vertex -6.240134088748645 -16.200521696132338 -3.5025115379253835
      vertex -6.049265927169645 -16.449265927169645 -3.5025115379253835
      vertex -5.929281184836011 -16.32928118483601 -3.2086101422886633
    endloop
  endfacet
  facet normal -0.5283292118363955 -0.6885320340783861 0.4967815233764369
    outer loop
      vertex -6.049265927169645 -16.449265927169645 -3.5025115379253835
      vertex -5.8005216961323365 -16.640134088748646 -3.5025115379253835
      vertex -5.929281184836011 -16.32928118483601 -3.2086101422886633
    endloop
  endfacet
  facet normal -0.5283292118363925 -0.6885320340783868 0.496781523376439
    outer loop
      vertex -5.8005216961323365 -16.640134088748646 -3.5025115379253835
      vertex -5.715679671189303 -16.493183390930284 -3.2086101422886633
      vertex -5.929281184836011 -16.32928118483601 -3.2086101422886633
    endloop
  endfacet
  facet normal -0.33212162691305913 -0.8018125360509194 0.49678152337643944
    outer loop
      vertex -5.510852903912635 -16.76011883108228 -3.5025115379253835
      vertex -5.715679671189303 -16.493183390930284 -3.2086101422886633
      vertex -5.8005216961323365 -16.640134088748646 -3.5025115379253835
    endloop
  endfacet
  facet normal -0.3321216269130541 -0.8018125360509193 0.49678152337644294
    outer loop
      vertex -5.510852903912635 -16.76011883108228 -3.5025115379253835
      vertex -5.466935440151994 -16.596216624988003 -3.2086101422886633
      vertex -5.715679671189303 -16.493183390930284 -3.2086101422886633
    endloop
  endfacet
  facet normal -0.99144486137381 -0.13052619222005357 0
    outer loop
      vertex -6.444960856025313 -15.933586255980341 -4
      vertex -6.488878319785954 -15.6 -3.830315950113933
      vertex -6.488878319785954 -15.6 -4
    endloop
  endfacet
  facet normal -0.99144486137381 0.13052619222005357 0
    outer loop
      vertex -6.488878319785954 -15.6 -4
      vertex -6.488878319785954 -15.6 -3.830315950113933
      vertex -6.444960856025313 -15.266413744019658 -3.830315950113933
    endloop
  endfacet
  facet normal -0.99144486137381 -0.13052619222005357 0
    outer loop
      vertex -6.444960856025313 -15.933586255980341 -4
      vertex -6.444960856025313 -15.933586255980341 -3.830315950113933
      vertex -6.488878319785954 -15.6 -3.830315950113933
    endloop
  endfacet
  facet normal -0.99144486137381 0.13052619222005357 0
    outer loop
      vertex -6.488878319785954 -15.6 -4
      vertex -6.444960856025313 -15.266413744019658 -3.830315950113933
      vertex -6.444960856025313 -15.266413744019658 -4
    endloop
  endfacet
  facet normal -0.9238795325112874 0.38268343236508784 0
    outer loop
      vertex -6.444960856025313 -15.266413744019658 -4
      vertex -6.316201367321639 -14.955560840107022 -3.830315950113933
      vertex -6.316201367321639 -14.955560840107022 -4
    endloop
  endfacet
  facet normal -0.9238795325112874 0.38268343236508784 0
    outer loop
      vertex -6.444960856025313 -15.266413744019658 -4
      vertex -6.444960856025313 -15.266413744019658 -3.830315950113933
      vertex -6.316201367321639 -14.955560840107022 -3.830315950113933
    endloop
  endfacet
  facet normal -0.958209139953006 -0.12615062648588576 0.2567513652305262
    outer loop
      vertex -6.444960856025313 -15.933586255980341 -3.830315950113933
      vertex -6.36011883108228 -15.910852903912634 -3.5025115379253835
      vertex -6.488878319785954 -15.6 -3.830315950113933
    endloop
  endfacet
  facet normal -0.958209139953006 0.12615062648588576 0.2567513652305262
    outer loop
      vertex -6.488878319785954 -15.6 -3.830315950113933
      vertex -6.36011883108228 -15.289147096087365 -3.5025115379253835
      vertex -6.444960856025313 -15.266413744019658 -3.830315950113933
    endloop
  endfacet
  facet normal -0.892908770580684 0.36985492273640347 0.25675136523052927
    outer loop
      vertex -6.444960856025313 -15.266413744019658 -3.830315950113933
      vertex -6.240134088748645 -14.999478303867663 -3.5025115379253835
      vertex -6.316201367321639 -14.955560840107022 -3.830315950113933
    endloop
  endfacet
  facet normal -0.7933533402912342 0.6087614290087219 0
    outer loop
      vertex -6.316201367321639 -14.955560840107022 -4
      vertex -6.111374600044972 -14.68862539995503 -3.830315950113933
      vertex -6.111374600044972 -14.68862539995503 -4
    endloop
  endfacet
  facet normal -0.7933533402912342 0.6087614290087219 0
    outer loop
      vertex -6.316201367321639 -14.955560840107022 -4
      vertex -6.316201367321639 -14.955560840107022 -3.830315950113933
      vertex -6.111374600044972 -14.68862539995503 -3.830315950113933
    endloop
  endfacet
  facet normal -0.7667581440947989 0.5883542172166019 0.25675136523052666
    outer loop
      vertex -6.316201367321639 -14.955560840107022 -3.830315950113933
      vertex -6.049265927169645 -14.750734072830355 -3.5025115379253835
      vertex -6.111374600044972 -14.68862539995503 -3.830315950113933
    endloop
  endfacet
  facet normal -0.6087614290087194 0.793353340291236 0
    outer loop
      vertex -6.111374600044972 -14.68862539995503 -4
      vertex -6.111374600044972 -14.68862539995503 -3.830315950113933
      vertex -5.844439159892977 -14.483798632678361 -3.830315950113933
    endloop
  endfacet
  facet normal -0.6087614290087194 0.793353340291236 0
    outer loop
      vertex -6.111374600044972 -14.68862539995503 -4
      vertex -5.844439159892977 -14.483798632678361 -3.830315950113933
      vertex -5.844439159892977 -14.483798632678361 -4
    endloop
  endfacet
  facet normal -0.3826834323650942 0.923879532511285 0
    outer loop
      vertex -5.844439159892977 -14.483798632678361 -4
      vertex -5.844439159892977 -14.483798632678361 -3.830315950113933
      vertex -5.533586255980342 -14.355039143974686 -3.830315950113933
    endloop
  endfacet
  facet normal -0.3826834323650942 0.923879532511285 0
    outer loop
      vertex -5.844439159892977 -14.483798632678361 -4
      vertex -5.533586255980342 -14.355039143974686 -3.830315950113933
      vertex -5.533586255980342 -14.355039143974686 -4
    endloop
  endfacet
  facet normal -0.13052619222004808 0.9914448613738109 0
    outer loop
      vertex -5.533586255980342 -14.355039143974686 -4
      vertex -5.2 -14.311121680214047 -3.830315950113933
      vertex -5.2 -14.311121680214047 -4
    endloop
  endfacet
  facet normal -0.13052619222004808 0.9914448613738109 0
    outer loop
      vertex -5.533586255980342 -14.355039143974686 -4
      vertex -5.533586255980342 -14.355039143974686 -3.830315950113933
      vertex -5.2 -14.311121680214047 -3.830315950113933
    endloop
  endfacet
  facet normal -0.5883542172165994 0.7667581440948009 0.2567513652305261
    outer loop
      vertex -6.111374600044972 -14.68862539995503 -3.830315950113933
      vertex -6.049265927169645 -14.750734072830355 -3.5025115379253835
      vertex -5.844439159892977 -14.483798632678361 -3.830315950113933
    endloop
  endfacet
  facet normal -0.36985492273641013 0.8929087705806825 0.25675136523052405
    outer loop
      vertex -5.844439159892977 -14.483798632678361 -3.830315950113933
      vertex -5.8005216961323365 -14.559865911251354 -3.5025115379253835
      vertex -5.533586255980342 -14.355039143974686 -3.830315950113933
    endloop
  endfacet
  facet normal -0.12615062648588024 0.9582091399530055 0.2567513652305308
    outer loop
      vertex -5.533586255980342 -14.355039143974686 -3.830315950113933
      vertex -5.510852903912635 -14.43988116891772 -3.5025115379253835
      vertex -5.2 -14.311121680214047 -3.830315950113933
    endloop
  endfacet
  facet normal -0.9582091399530056 -0.12615062648588202 0.25675136523052955
    outer loop
      vertex -6.36011883108228 -15.910852903912634 -3.5025115379253835
      vertex -6.401043392264673 -15.6 -3.5025115379253835
      vertex -6.488878319785954 -15.6 -3.830315950113933
    endloop
  endfacet
  facet normal -0.9582091399530056 0.126150626485882 0.25675136523052955
    outer loop
      vertex -6.488878319785954 -15.6 -3.830315950113933
      vertex -6.401043392264673 -15.6 -3.5025115379253835
      vertex -6.36011883108228 -15.289147096087365 -3.5025115379253835
    endloop
  endfacet
  facet normal -0.8929087705806833 0.3698549227364068 0.2567513652305263
    outer loop
      vertex -6.444960856025313 -15.266413744019658 -3.830315950113933
      vertex -6.36011883108228 -15.289147096087365 -3.5025115379253835
      vertex -6.240134088748645 -14.999478303867663 -3.5025115379253835
    endloop
  endfacet
  facet normal -0.8604508387494534 -0.11328050197253361 0.49678152337643644
    outer loop
      vertex -6.36011883108228 -15.910852903912634 -3.5025115379253835
      vertex -6.196216624988005 -15.866935440151995 -3.2086101422886633
      vertex -6.401043392264673 -15.6 -3.5025115379253835
    endloop
  endfacet
  facet normal -0.8604508387494536 -0.11328050197253435 0.49678152337643594
    outer loop
      vertex -6.401043392264673 -15.6 -3.5025115379253835
      vertex -6.196216624988005 -15.866935440151995 -3.2086101422886633
      vertex -6.231359342378606 -15.6 -3.2086101422886633
    endloop
  endfacet
  facet normal -0.8604508387494536 0.11328050197253435 0.49678152337643594
    outer loop
      vertex -6.401043392264673 -15.6 -3.5025115379253835
      vertex -6.231359342378606 -15.6 -3.2086101422886633
      vertex -6.196216624988005 -15.333064559848005 -3.2086101422886633
    endloop
  endfacet
  facet normal -0.8604508387494534 0.11328050197253361 0.49678152337643644
    outer loop
      vertex -6.401043392264673 -15.6 -3.5025115379253835
      vertex -6.196216624988005 -15.333064559848005 -3.2086101422886633
      vertex -6.36011883108228 -15.289147096087365 -3.5025115379253835
    endloop
  endfacet
  facet normal -0.8018125360509222 0.33212162691305924 0.496781523376435
    outer loop
      vertex -6.36011883108228 -15.289147096087365 -3.5025115379253835
      vertex -6.093183390930285 -15.084320328810696 -3.2086101422886633
      vertex -6.240134088748645 -14.999478303867663 -3.5025115379253835
    endloop
  endfacet
  facet normal -0.8018125360509221 0.332121626913058 0.4967815233764359
    outer loop
      vertex -6.36011883108228 -15.289147096087365 -3.5025115379253835
      vertex -6.196216624988005 -15.333064559848005 -3.2086101422886633
      vertex -6.093183390930285 -15.084320328810696 -3.2086101422886633
    endloop
  endfacet
  facet normal -0.7667581440948004 0.5883542172165986 0.25675136523052977
    outer loop
      vertex -6.316201367321639 -14.955560840107022 -3.830315950113933
      vertex -6.240134088748645 -14.999478303867663 -3.5025115379253835
      vertex -6.049265927169645 -14.750734072830355 -3.5025115379253835
    endloop
  endfacet
  facet normal -0.6885320340783869 0.5283292118363969 0.4967815233764344
    outer loop
      vertex -6.240134088748645 -14.999478303867663 -3.5025115379253835
      vertex -6.093183390930285 -15.084320328810696 -3.2086101422886633
      vertex -5.929281184836011 -14.87071881516399 -3.2086101422886633
    endloop
  endfacet
  facet normal -0.5883542172166012 0.7667581440948001 0.2567513652305243
    outer loop
      vertex -5.844439159892977 -14.483798632678361 -3.830315950113933
      vertex -6.049265927169645 -14.750734072830355 -3.5025115379253835
      vertex -5.8005216961323365 -14.559865911251354 -3.5025115379253835
    endloop
  endfacet
  facet normal -0.36985492273640264 0.8929087705806837 0.25675136523053094
    outer loop
      vertex -5.533586255980342 -14.355039143974686 -3.830315950113933
      vertex -5.8005216961323365 -14.559865911251354 -3.5025115379253835
      vertex -5.510852903912635 -14.43988116891772 -3.5025115379253835
    endloop
  endfacet
  facet normal -0.12615062648588443 0.958209139953006 0.25675136523052705
    outer loop
      vertex -5.510852903912635 -14.43988116891772 -3.5025115379253835
      vertex -5.2 -14.398956607735327 -3.5025115379253835
      vertex -5.2 -14.311121680214047 -3.830315950113933
    endloop
  endfacet
  facet normal -0.6885320340783876 0.528329211836394 0.4967815233764365
    outer loop
      vertex -6.240134088748645 -14.999478303867663 -3.5025115379253835
      vertex -5.929281184836011 -14.87071881516399 -3.2086101422886633
      vertex -6.049265927169645 -14.750734072830355 -3.5025115379253835
    endloop
  endfacet
  facet normal -0.5283292118363955 0.6885320340783861 0.4967815233764369
    outer loop
      vertex -6.049265927169645 -14.750734072830355 -3.5025115379253835
      vertex -5.929281184836011 -14.87071881516399 -3.2086101422886633
      vertex -5.8005216961323365 -14.559865911251354 -3.5025115379253835
    endloop
  endfacet
  facet normal -0.5283292118363975 0.6885320340783857 0.49678152337643555
    outer loop
      vertex -5.8005216961323365 -14.559865911251354 -3.5025115379253835
      vertex -5.929281184836011 -14.87071881516399 -3.2086101422886633
      vertex -5.715679671189303 -14.706816609069714 -3.2086101422886633
    endloop
  endfacet
  facet normal -0.3321216269130558 0.8018125360509232 0.4967815233764355
    outer loop
      vertex -5.8005216961323365 -14.559865911251354 -3.5025115379253835
      vertex -5.715679671189303 -14.706816609069714 -3.2086101422886633
      vertex -5.510852903912635 -14.43988116891772 -3.5025115379253835
    endloop
  endfacet
  facet normal -0.11328050197253582 0.8604508387494539 0.4967815233764351
    outer loop
      vertex -5.510852903912635 -14.43988116891772 -3.5025115379253835
      vertex -5.466935440151994 -14.603783375011995 -3.2086101422886633
      vertex -5.2 -14.398956607735327 -3.5025115379253835
    endloop
  endfacet
  facet normal -0.3321216269130557 0.8018125360509232 0.49678152337643566
    outer loop
      vertex -5.510852903912635 -14.43988116891772 -3.5025115379253835
      vertex -5.715679671189303 -14.706816609069714 -3.2086101422886633
      vertex -5.466935440151994 -14.603783375011995 -3.2086101422886633
    endloop
  endfacet
  facet normal -0.6560818900783142 -0.2717580168978138 0.7040625922196367
    outer loop
      vertex -6.093183390930285 -16.1156796711893 -3.2086101422886633
      vertex -5.964423902226612 -15.804826767276667 -2.9686406576213944
      vertex -6.196216624988005 -15.866935440151995 -3.2086101422886633
    endloop
  endfacet
  facet normal -0.43230457532182376 -0.563390291354746 0.704062592219635
    outer loop
      vertex -5.929281184836011 -16.32928118483601 -3.2086101422886633
      vertex -5.715679671189303 -16.493183390930284 -3.2086101422886633
      vertex -5.759597134949943 -16.159597134949944 -2.9686406576213944
    endloop
  endfacet
  facet normal -0.43230457532182504 -0.5633902913547457 0.7040625922196344
    outer loop
      vertex -5.715679671189303 -16.493183390930284 -3.2086101422886633
      vertex -5.595694928855669 -16.28536372107537 -2.9686406576213944
      vertex -5.759597134949943 -16.159597134949944 -2.9686406576213944
    endloop
  endfacet
  facet normal -0.5633902913547454 -0.43230457532182326 0.7040625922196359
    outer loop
      vertex -6.093183390930285 -16.1156796711893 -3.2086101422886633
      vertex -5.929281184836011 -16.32928118483601 -3.2086101422886633
      vertex -5.88536372107537 -15.995694928855668 -2.9686406576213944
    endloop
  endfacet
  facet normal -0.6560818900783151 -0.2717580168978131 0.7040625922196359
    outer loop
      vertex -6.093183390930285 -16.1156796711893 -3.2086101422886633
      vertex -5.88536372107537 -15.995694928855668 -2.9686406576213944
      vertex -5.964423902226612 -15.804826767276667 -2.9686406576213944
    endloop
  endfacet
  facet normal -0.5633902913547455 -0.4323045753218232 0.7040625922196359
    outer loop
      vertex -5.929281184836011 -16.32928118483601 -3.2086101422886633
      vertex -5.759597134949943 -16.159597134949944 -2.9686406576213944
      vertex -5.88536372107537 -15.995694928855668 -2.9686406576213944
    endloop
  endfacet
  facet normal -0.2717580168978111 -0.6560818900783182 0.7040625922196341
    outer loop
      vertex -5.715679671189303 -16.493183390930284 -3.2086101422886633
      vertex -5.466935440151994 -16.596216624988003 -3.2086101422886633
      vertex -5.595694928855669 -16.28536372107537 -2.9686406576213944
    endloop
  endfacet
  facet normal -0.0926915987235761 -0.70406259221964 0.7040625922196326
    outer loop
      vertex -5.466935440151994 -16.596216624988003 -3.2086101422886633
      vertex -5.2 -16.631359342378605 -3.2086101422886633
      vertex -5.404826767276668 -16.364423902226612 -2.9686406576213944
    endloop
  endfacet
  facet normal -0.2717580168978144 -0.6560818900783184 0.7040625922196325
    outer loop
      vertex -5.466935440151994 -16.596216624988003 -3.2086101422886633
      vertex -5.404826767276668 -16.364423902226612 -2.9686406576213944
      vertex -5.595694928855669 -16.28536372107537 -2.9686406576213944
    endloop
  endfacet
  facet normal -0.3992355496742091 -0.3063442118256336 0.8641551942546336
    outer loop
      vertex -5.88536372107537 -15.995694928855668 -2.9686406576213944
      vertex -5.759597134949943 -16.159597134949944 -2.9686406576213944
      vertex -5.6308376462462695 -15.848744231037308 -2.7989566077353274
    endloop
  endfacet
  facet normal -0.3063442118256336 -0.39923554967420755 0.8641551942546344
    outer loop
      vertex -5.759597134949943 -16.159597134949944 -2.9686406576213944
      vertex -5.595694928855669 -16.28536372107537 -2.9686406576213944
      vertex -5.551777465095029 -15.951777465095027 -2.7989566077353274
    endloop
  endfacet
  facet normal -0.1925760221988912 -0.464919644580424 0.864155194254634
    outer loop
      vertex -5.404826767276668 -16.364423902226612 -2.9686406576213944
      vertex -5.448744231037309 -16.03083764624627 -2.7989566077353274
      vertex -5.595694928855669 -16.28536372107537 -2.9686406576213944
    endloop
  endfacet
  facet normal -0.06568409490621079 -0.498920234024527 0.8641551942546333
    outer loop
      vertex -5.404826767276668 -16.364423902226612 -2.9686406576213944
      vertex -5.2 -16.391389857711335 -2.9686406576213944
      vertex -5.328759488703674 -16.080536953798703 -2.7989566077353274
    endloop
  endfacet
  facet normal -0.3063442118256352 -0.39923554967420716 0.8641551942546338
    outer loop
      vertex -5.595694928855669 -16.28536372107537 -2.9686406576213944
      vertex -5.448744231037309 -16.03083764624627 -2.7989566077353274
      vertex -5.551777465095029 -15.951777465095027 -2.7989566077353274
    endloop
  endfacet
  facet normal -0.39923554967420744 -0.3063442118256346 0.864155194254634
    outer loop
      vertex -5.759597134949943 -16.159597134949944 -2.9686406576213944
      vertex -5.551777465095029 -15.951777465095027 -2.7989566077353274
      vertex -5.6308376462462695 -15.848744231037308 -2.7989566077353274
    endloop
  endfacet
  facet normal -0.19257602219889378 -0.46491964458042406 0.8641551942546334
    outer loop
      vertex -5.404826767276668 -16.364423902226612 -2.9686406576213944
      vertex -5.328759488703674 -16.080536953798703 -2.7989566077353274
      vertex -5.448744231037309 -16.03083764624627 -2.7989566077353274
    endloop
  endfacet
  facet normal -0.15882644667684204 -0.20698665518747048 0.9653655703464421
    outer loop
      vertex -5.551777465095029 -15.951777465095027 -2.7989566077353274
      vertex -5.448744231037309 -16.03083764624627 -2.7989566077353274
      vertex -5.319984742333634 -15.719984742333635 -2.7111216802140463
    endloop
  endfacet
  facet normal -0.09984247829830008 -0.24104106520869364 0.9653655703464422
    outer loop
      vertex -5.448744231037309 -16.03083764624627 -2.7989566077353274
      vertex -5.328759488703674 -16.080536953798703 -2.7989566077353274
      vertex -5.284842024943034 -15.74695069781836 -2.7111216802140463
    endloop
  endfacet
  facet normal -0.7040625922196369 -0.0926915987235707 0.7040625922196364
    outer loop
      vertex -6.196216624988005 -15.866935440151995 -3.2086101422886633
      vertex -5.964423902226612 -15.804826767276667 -2.9686406576213944
      vertex -6.231359342378606 -15.6 -3.2086101422886633
    endloop
  endfacet
  facet normal -0.7040625922196369 0.0926915987235707 0.7040625922196364
    outer loop
      vertex -6.231359342378606 -15.6 -3.2086101422886633
      vertex -5.964423902226612 -15.395173232723332 -2.9686406576213944
      vertex -6.196216624988005 -15.333064559848005 -3.2086101422886633
    endloop
  endfacet
  facet normal -0.6560818900783149 0.2717580168978121 0.7040625922196367
    outer loop
      vertex -6.196216624988005 -15.333064559848005 -3.2086101422886633
      vertex -5.964423902226612 -15.395173232723332 -2.9686406576213944
      vertex -6.093183390930285 -15.084320328810696 -3.2086101422886633
    endloop
  endfacet
  facet normal -0.7040625922196371 -0.09269159872357191 0.7040625922196359
    outer loop
      vertex -6.231359342378606 -15.6 -3.2086101422886633
      vertex -5.964423902226612 -15.804826767276667 -2.9686406576213944
      vertex -5.991389857711337 -15.6 -2.9686406576213944
    endloop
  endfacet
  facet normal -0.7040625922196371 0.09269159872357191 0.7040625922196359
    outer loop
      vertex -6.231359342378606 -15.6 -3.2086101422886633
      vertex -5.991389857711337 -15.6 -2.9686406576213944
      vertex -5.964423902226612 -15.395173232723332 -2.9686406576213944
    endloop
  endfacet
  facet normal -0.5633902913547425 0.4323045753218247 0.7040625922196373
    outer loop
      vertex -6.093183390930285 -15.084320328810696 -3.2086101422886633
      vertex -5.88536372107537 -15.204305071144331 -2.9686406576213944
      vertex -5.929281184836011 -14.87071881516399 -3.2086101422886633
    endloop
  endfacet
  facet normal -0.6560818900783142 0.27175801689781276 0.7040625922196372
    outer loop
      vertex -6.093183390930285 -15.084320328810696 -3.2086101422886633
      vertex -5.964423902226612 -15.395173232723332 -2.9686406576213944
      vertex -5.88536372107537 -15.204305071144331 -2.9686406576213944
    endloop
  endfacet
  facet normal -0.5633902913547418 0.43230457532182504 0.7040625922196376
    outer loop
      vertex -5.88536372107537 -15.204305071144331 -2.9686406576213944
      vertex -5.759597134949943 -15.040402865050057 -2.9686406576213944
      vertex -5.929281184836011 -14.87071881516399 -3.2086101422886633
    endloop
  endfacet
  facet normal -0.43230457532182526 0.563390291354742 0.7040625922196373
    outer loop
      vertex -5.759597134949943 -15.040402865050057 -2.9686406576213944
      vertex -5.715679671189303 -14.706816609069714 -3.2086101422886633
      vertex -5.929281184836011 -14.87071881516399 -3.2086101422886633
    endloop
  endfacet
  facet normal -0.4323045753218278 0.5633902913547415 0.7040625922196362
    outer loop
      vertex -5.759597134949943 -15.040402865050057 -2.9686406576213944
      vertex -5.595694928855669 -14.914636278924629 -2.9686406576213944
      vertex -5.715679671189303 -14.706816609069714 -3.2086101422886633
    endloop
  endfacet
  facet normal -0.2717580168978102 0.656081890078316 0.7040625922196364
    outer loop
      vertex -5.715679671189303 -14.706816609069714 -3.2086101422886633
      vertex -5.595694928855669 -14.914636278924629 -2.9686406576213944
      vertex -5.466935440151994 -14.603783375011995 -3.2086101422886633
    endloop
  endfacet
  facet normal -0.09269159872357086 0.7040625922196356 0.7040625922196375
    outer loop
      vertex -5.466935440151994 -14.603783375011995 -3.2086101422886633
      vertex -5.404826767276668 -14.835576097773389 -2.9686406576213944
      vertex -5.2 -14.568640657621394 -3.2086101422886633
    endloop
  endfacet
  facet normal -0.27175801689780726 0.6560818900783157 0.7040625922196379
    outer loop
      vertex -5.466935440151994 -14.603783375011995 -3.2086101422886633
      vertex -5.595694928855669 -14.914636278924629 -2.9686406576213944
      vertex -5.404826767276668 -14.835576097773389 -2.9686406576213944
    endloop
  endfacet
  facet normal -0.49892023402452507 -0.06568409490621702 0.8641551942546339
    outer loop
      vertex -5.964423902226612 -15.804826767276667 -2.9686406576213944
      vertex -5.697488462074617 -15.6 -2.7989566077353274
      vertex -5.991389857711337 -15.6 -2.9686406576213944
    endloop
  endfacet
  facet normal -0.49892023402452507 0.06568409490621702 0.8641551942546339
    outer loop
      vertex -5.991389857711337 -15.6 -2.9686406576213944
      vertex -5.697488462074617 -15.6 -2.7989566077353274
      vertex -5.964423902226612 -15.395173232723332 -2.9686406576213944
    endloop
  endfacet
  facet normal -0.4649196445804248 -0.1925760221988915 0.8641551942546336
    outer loop
      vertex -5.88536372107537 -15.995694928855668 -2.9686406576213944
      vertex -5.680536953798702 -15.728759488703673 -2.7989566077353274
      vertex -5.964423902226612 -15.804826767276667 -2.9686406576213944
    endloop
  endfacet
  facet normal -0.4649196445804254 -0.1925760221988909 0.8641551942546335
    outer loop
      vertex -5.88536372107537 -15.995694928855668 -2.9686406576213944
      vertex -5.6308376462462695 -15.848744231037308 -2.7989566077353274
      vertex -5.680536953798702 -15.728759488703673 -2.7989566077353274
    endloop
  endfacet
  facet normal -0.49892023402452584 -0.06568409490621566 0.8641551942546336
    outer loop
      vertex -5.964423902226612 -15.804826767276667 -2.9686406576213944
      vertex -5.680536953798702 -15.728759488703673 -2.7989566077353274
      vertex -5.697488462074617 -15.6 -2.7989566077353274
    endloop
  endfacet
  facet normal -0.49892023402452584 0.06568409490621566 0.8641551942546336
    outer loop
      vertex -5.964423902226612 -15.395173232723332 -2.9686406576213944
      vertex -5.697488462074617 -15.6 -2.7989566077353274
      vertex -5.680536953798702 -15.471240511296326 -2.7989566077353274
    endloop
  endfacet
  facet normal -0.4649196445804247 0.19257602219889144 0.8641551942546336
    outer loop
      vertex -5.964423902226612 -15.395173232723332 -2.9686406576213944
      vertex -5.680536953798702 -15.471240511296326 -2.7989566077353274
      vertex -5.88536372107537 -15.204305071144331 -2.9686406576213944
    endloop
  endfacet
  facet normal -0.3992355496742077 0.30634421182563587 0.8641551942546334
    outer loop
      vertex -5.88536372107537 -15.204305071144331 -2.9686406576213944
      vertex -5.6308376462462695 -15.351255768962691 -2.7989566077353274
      vertex -5.759597134949943 -15.040402865050057 -2.9686406576213944
    endloop
  endfacet
  facet normal -0.4649196445804254 0.1925760221988909 0.8641551942546335
    outer loop
      vertex -5.88536372107537 -15.204305071144331 -2.9686406576213944
      vertex -5.680536953798702 -15.471240511296326 -2.7989566077353274
      vertex -5.6308376462462695 -15.351255768962691 -2.7989566077353274
    endloop
  endfacet
  facet normal -0.3063442118256372 0.3992355496742066 0.8641551942546334
    outer loop
      vertex -5.759597134949943 -15.040402865050057 -2.9686406576213944
      vertex -5.551777465095029 -15.248222534904972 -2.7989566077353274
      vertex -5.595694928855669 -14.914636278924629 -2.9686406576213944
    endloop
  endfacet
  facet normal -0.3992355496742085 0.3063442118256354 0.8641551942546332
    outer loop
      vertex -5.759597134949943 -15.040402865050057 -2.9686406576213944
      vertex -5.6308376462462695 -15.351255768962691 -2.7989566077353274
      vertex -5.551777465095029 -15.248222534904972 -2.7989566077353274
    endloop
  endfacet
  facet normal -0.3063442118256352 0.39923554967420716 0.8641551942546338
    outer loop
      vertex -5.595694928855669 -14.914636278924629 -2.9686406576213944
      vertex -5.551777465095029 -15.248222534904972 -2.7989566077353274
      vertex -5.448744231037309 -15.16916235375373 -2.7989566077353274
    endloop
  endfacet
  facet normal -0.1925760221988876 0.4649196445804259 0.8641551942546338
    outer loop
      vertex -5.404826767276668 -14.835576097773389 -2.9686406576213944
      vertex -5.448744231037309 -15.16916235375373 -2.7989566077353274
      vertex -5.328759488703674 -15.119463046201298 -2.7989566077353274
    endloop
  endfacet
  facet normal -0.20698665518747056 -0.15882644667684168 0.9653655703464421
    outer loop
      vertex -5.551777465095029 -15.951777465095027 -2.7989566077353274
      vertex -5.34695069781836 -15.684842024943034 -2.7111216802140463
      vertex -5.6308376462462695 -15.848744231037308 -2.7989566077353274
    endloop
  endfacet
  facet normal -0.241041065208695 -0.09984247829829884 0.965365570346442
    outer loop
      vertex -5.6308376462462695 -15.848744231037308 -2.7989566077353274
      vertex -5.363902206094275 -15.64391746376064 -2.7111216802140463
      vertex -5.680536953798702 -15.728759488703673 -2.7989566077353274
    endloop
  endfacet
  facet normal -0.25866892497514044 -0.03405441002122334 0.9653655703464421
    outer loop
      vertex -5.697488462074617 -15.6 -2.7989566077353274
      vertex -5.680536953798702 -15.728759488703673 -2.7989566077353274
      vertex -5.369684049886067 -15.6 -2.7111216802140463
    endloop
  endfacet
  facet normal -0.25866892497514044 0.03405441002122334 0.9653655703464421
    outer loop
      vertex -5.697488462074617 -15.6 -2.7989566077353274
      vertex -5.369684049886067 -15.6 -2.7111216802140463
      vertex -5.680536953798702 -15.471240511296326 -2.7989566077353274
    endloop
  endfacet
  facet normal -0.241041065208695 0.09984247829829884 0.965365570346442
    outer loop
      vertex -5.680536953798702 -15.471240511296326 -2.7989566077353274
      vertex -5.363902206094275 -15.556082536239359 -2.7111216802140463
      vertex -5.6308376462462695 -15.351255768962691 -2.7989566077353274
    endloop
  endfacet
  facet normal -0.20698665518747006 -0.1588264466768421 0.9653655703464422
    outer loop
      vertex -5.551777465095029 -15.951777465095027 -2.7989566077353274
      vertex -5.319984742333634 -15.719984742333635 -2.7111216802140463
      vertex -5.34695069781836 -15.684842024943034 -2.7111216802140463
    endloop
  endfacet
  facet normal -0.24104106520869342 -0.09984247829830098 0.9653655703464422
    outer loop
      vertex -5.6308376462462695 -15.848744231037308 -2.7989566077353274
      vertex -5.34695069781836 -15.684842024943034 -2.7111216802140463
      vertex -5.363902206094275 -15.64391746376064 -2.7111216802140463
    endloop
  endfacet
  facet normal -0.15882644667683873 -0.20698665518747195 0.9653655703464422
    outer loop
      vertex -5.448744231037309 -16.03083764624627 -2.7989566077353274
      vertex -5.284842024943034 -15.74695069781836 -2.7111216802140463
      vertex -5.319984742333634 -15.719984742333635 -2.7111216802140463
    endloop
  endfacet
  facet normal -0.2586689249751413 -0.034054410021221074 0.965365570346442
    outer loop
      vertex -5.680536953798702 -15.728759488703673 -2.7989566077353274
      vertex -5.363902206094275 -15.64391746376064 -2.7111216802140463
      vertex -5.369684049886067 -15.6 -2.7111216802140463
    endloop
  endfacet
  facet normal -0.2586689249751413 0.034054410021221074 0.965365570346442
    outer loop
      vertex -5.680536953798702 -15.471240511296326 -2.7989566077353274
      vertex -5.369684049886067 -15.6 -2.7111216802140463
      vertex -5.363902206094275 -15.556082536239359 -2.7111216802140463
    endloop
  endfacet
  facet normal -0.24104106520869342 0.09984247829830098 0.9653655703464422
    outer loop
      vertex -5.6308376462462695 -15.351255768962691 -2.7989566077353274
      vertex -5.363902206094275 -15.556082536239359 -2.7111216802140463
      vertex -5.34695069781836 -15.515157975056965 -2.7111216802140463
    endloop
  endfacet
  facet normal 0 0 1
    outer loop
      vertex -5.34695069781836 -15.684842024943034 -2.7111216802140463
      vertex -5.363902206094275 -15.556082536239359 -2.7111216802140463
      vertex -5.363902206094275 -15.64391746376064 -2.7111216802140463
    endloop
  endfacet
  facet normal 0 0 1
    outer loop
      vertex -5.363902206094275 -15.64391746376064 -2.7111216802140463
      vertex -5.363902206094275 -15.556082536239359 -2.7111216802140463
      vertex -5.369684049886067 -15.6 -2.7111216802140463
    endloop
  endfacet
  facet normal 0 0 1
    outer loop
      vertex -5.34695069781836 -15.684842024943034 -2.7111216802140463
      vertex -5.34695069781836 -15.515157975056965 -2.7111216802140463
      vertex -5.363902206094275 -15.556082536239359 -2.7111216802140463
    endloop
  endfacet
  facet normal 0 0 1
    outer loop
      vertex -5.319984742333634 -15.719984742333635 -2.7111216802140463
      vertex -5.34695069781836 -15.515157975056965 -2.7111216802140463
      vertex -5.34695069781836 -15.684842024943034 -2.7111216802140463
    endloop
  endfacet
  facet normal 0 0 1
    outer loop
      vertex -5.319984742333634 -15.719984742333635 -2.7111216802140463
      vertex -5.284842024943034 -15.74695069781836 -2.7111216802140463
      vertex -5.319984742333634 -15.480015257666365 -2.7111216802140463
    endloop
  endfacet
  facet normal 0 0 1
    outer loop
      vertex -5.319984742333634 -15.719984742333635 -2.7111216802140463
      vertex -5.319984742333634 -15.480015257666365 -2.7111216802140463
      vertex -5.34695069781836 -15.515157975056965 -2.7111216802140463
    endloop
  endfacet
  facet normal -0.20698665518747061 0.1588264466768417 0.9653655703464421
    outer loop
      vertex -5.6308376462462695 -15.351255768962691 -2.7989566077353274
      vertex -5.34695069781836 -15.515157975056965 -2.7111216802140463
      vertex -5.551777465095029 -15.248222534904972 -2.7989566077353274
    endloop
  endfacet
  facet normal -0.20698665518747006 0.1588264466768421 0.9653655703464422
    outer loop
      vertex -5.551777465095029 -15.248222534904972 -2.7989566077353274
      vertex -5.34695069781836 -15.515157975056965 -2.7111216802140463
      vertex -5.319984742333634 -15.480015257666365 -2.7111216802140463
    endloop
  endfacet
  facet normal -0.15882644667684204 0.20698665518747048 0.9653655703464421
    outer loop
      vertex -5.551777465095029 -15.248222534904972 -2.7989566077353274
      vertex -5.319984742333634 -15.480015257666365 -2.7111216802140463
      vertex -5.448744231037309 -15.16916235375373 -2.7989566077353274
    endloop
  endfacet
  facet normal -0.15882644667683873 0.20698665518747195 0.9653655703464422
    outer loop
      vertex -5.448744231037309 -15.16916235375373 -2.7989566077353274
      vertex -5.319984742333634 -15.480015257666365 -2.7111216802140463
      vertex -5.284842024943034 -15.45304930218164 -2.7111216802140463
    endloop
  endfacet
  facet normal -0.09984247829829718 0.2410410652086953 0.9653655703464421
    outer loop
      vertex -5.448744231037309 -15.16916235375373 -2.7989566077353274
      vertex -5.284842024943034 -15.45304930218164 -2.7111216802140463
      vertex -5.328759488703674 -15.119463046201298 -2.7989566077353274
    endloop
  endfacet
  facet normal -0.19257602219888764 0.46491964458042595 0.8641551942546338
    outer loop
      vertex -5.595694928855669 -14.914636278924629 -2.9686406576213944
      vertex -5.448744231037309 -15.16916235375373 -2.7989566077353274
      vertex -5.404826767276668 -14.835576097773389 -2.9686406576213944
    endloop
  endfacet
  facet normal -0.06568409490621917 0.49892023402452507 0.8641551942546337
    outer loop
      vertex -5.404826767276668 -14.835576097773389 -2.9686406576213944
      vertex -5.328759488703674 -15.119463046201298 -2.7989566077353274
      vertex -5.2 -14.808610142288662 -2.9686406576213944
    endloop
  endfacet
  facet normal 0.13052619222004808 -0.9914448613738109 0
    outer loop
      vertex -5.2 -16.888878319785952 -4
      vertex -4.866413744019658 -16.844960856025313 -4
      vertex -5.2 -16.888878319785952 -3.830315950113933
    endloop
  endfacet
  facet normal 0.13052619222004808 -0.9914448613738109 0
    outer loop
      vertex -4.866413744019658 -16.844960856025313 -4
      vertex -4.866413744019658 -16.844960856025313 -3.830315950113933
      vertex -5.2 -16.888878319785952 -3.830315950113933
    endloop
  endfacet
  facet normal 0.3826834323650942 -0.923879532511285 0
    outer loop
      vertex -4.866413744019658 -16.844960856025313 -4
      vertex -4.555560840107024 -16.716201367321638 -4
      vertex -4.866413744019658 -16.844960856025313 -3.830315950113933
    endloop
  endfacet
  facet normal 0.3826834323650942 -0.923879532511285 0
    outer loop
      vertex -4.866413744019658 -16.844960856025313 -3.830315950113933
      vertex -4.555560840107024 -16.716201367321638 -4
      vertex -4.555560840107024 -16.716201367321638 -3.830315950113933
    endloop
  endfacet
  facet normal 0.1261506264858804 -0.9582091399530067 0.256751365230526
    outer loop
      vertex -5.2 -16.888878319785952 -3.830315950113933
      vertex -4.866413744019658 -16.844960856025313 -3.830315950113933
      vertex -4.889147096087365 -16.76011883108228 -3.5025115379253835
    endloop
  endfacet
  facet normal 0.36985492273641013 -0.8929087705806825 0.25675136523052405
    outer loop
      vertex -4.866413744019658 -16.844960856025313 -3.830315950113933
      vertex -4.555560840107024 -16.716201367321638 -3.830315950113933
      vertex -4.599478303867664 -16.640134088748646 -3.5025115379253835
    endloop
  endfacet
  facet normal 0.6087614290087194 -0.793353340291236 0
    outer loop
      vertex -4.555560840107024 -16.716201367321638 -4
      vertex -4.288625399955029 -16.51137460004497 -4
      vertex -4.555560840107024 -16.716201367321638 -3.830315950113933
    endloop
  endfacet
  facet normal 0.7933533402912342 -0.6087614290087219 0
    outer loop
      vertex -4.288625399955029 -16.51137460004497 -4
      vertex -4.083798632678361 -16.244439159892977 -4
      vertex -4.288625399955029 -16.51137460004497 -3.830315950113933
    endloop
  endfacet
  facet normal 0.6087614290087194 -0.793353340291236 0
    outer loop
      vertex -4.555560840107024 -16.716201367321638 -3.830315950113933
      vertex -4.288625399955029 -16.51137460004497 -4
      vertex -4.288625399955029 -16.51137460004497 -3.830315950113933
    endloop
  endfacet
  facet normal 0.7933533402912342 -0.6087614290087219 0
    outer loop
      vertex -4.083798632678361 -16.244439159892977 -4
      vertex -4.083798632678361 -16.244439159892977 -3.830315950113933
      vertex -4.288625399955029 -16.51137460004497 -3.830315950113933
    endloop
  endfacet
  facet normal 0.9238795325112871 -0.382683432365089 0
    outer loop
      vertex -4.083798632678361 -16.244439159892977 -4
      vertex -3.955039143974687 -15.933586255980341 -4
      vertex -4.083798632678361 -16.244439159892977 -3.830315950113933
    endloop
  endfacet
  facet normal 0.9238795325112871 -0.382683432365089 0
    outer loop
      vertex -3.955039143974687 -15.933586255980341 -4
      vertex -3.955039143974687 -15.933586255980341 -3.830315950113933
      vertex -4.083798632678361 -16.244439159892977 -3.830315950113933
    endloop
  endfacet
  facet normal 0.5883542172165994 -0.7667581440948009 0.2567513652305261
    outer loop
      vertex -4.555560840107024 -16.716201367321638 -3.830315950113933
      vertex -4.288625399955029 -16.51137460004497 -3.830315950113933
      vertex -4.350734072830355 -16.449265927169645 -3.5025115379253835
    endloop
  endfacet
  facet normal 0.7667581440947989 -0.5883542172166019 0.25675136523052666
    outer loop
      vertex -4.288625399955029 -16.51137460004497 -3.830315950113933
      vertex -4.083798632678361 -16.244439159892977 -3.830315950113933
      vertex -4.350734072830355 -16.449265927169645 -3.5025115379253835
    endloop
  endfacet
  facet normal 0.892908770580684 -0.36985492273640475 0.2567513652305275
    outer loop
      vertex -4.083798632678361 -16.244439159892977 -3.830315950113933
      vertex -3.955039143974687 -15.933586255980341 -3.830315950113933
      vertex -4.159865911251355 -16.200521696132338 -3.5025115379253835
    endloop
  endfacet
  facet normal 0.12615062648588463 -0.9582091399530073 0.25675136523052217
    outer loop
      vertex -5.2 -16.888878319785952 -3.830315950113933
      vertex -4.889147096087365 -16.76011883108228 -3.5025115379253835
      vertex -5.2 -16.801043392264674 -3.5025115379253835
    endloop
  endfacet
  facet normal 0.3698549227364078 -0.8929087705806829 0.2567513652305262
    outer loop
      vertex -4.866413744019658 -16.844960856025313 -3.830315950113933
      vertex -4.599478303867664 -16.640134088748646 -3.5025115379253835
      vertex -4.889147096087365 -16.76011883108228 -3.5025115379253835
    endloop
  endfacet
  facet normal 0.11328050197253522 -0.8604508387494494 0.496781523376443
    outer loop
      vertex -5.2 -16.801043392264674 -3.5025115379253835
      vertex -4.889147096087365 -16.76011883108228 -3.5025115379253835
      vertex -4.933064559848006 -16.596216624988003 -3.2086101422886633
    endloop
  endfacet
  facet normal -0.11328050197254005 -0.8604508387494508 0.49678152337643955
    outer loop
      vertex -5.466935440151994 -16.596216624988003 -3.2086101422886633
      vertex -5.2 -16.801043392264674 -3.5025115379253835
      vertex -5.2 -16.631359342378605 -3.2086101422886633
    endloop
  endfacet
  facet normal 0.11328050197254005 -0.8604508387494508 0.49678152337643955
    outer loop
      vertex -5.2 -16.801043392264674 -3.5025115379253835
      vertex -4.933064559848006 -16.596216624988003 -3.2086101422886633
      vertex -5.2 -16.631359342378605 -3.2086101422886633
    endloop
  endfacet
  facet normal 0.33212162691305913 -0.8018125360509194 0.49678152337643944
    outer loop
      vertex -4.889147096087365 -16.76011883108228 -3.5025115379253835
      vertex -4.599478303867664 -16.640134088748646 -3.5025115379253835
      vertex -4.684320328810697 -16.493183390930284 -3.2086101422886633
    endloop
  endfacet
  facet normal 0.3321216269130541 -0.8018125360509193 0.49678152337644294
    outer loop
      vertex -4.889147096087365 -16.76011883108228 -3.5025115379253835
      vertex -4.684320328810697 -16.493183390930284 -3.2086101422886633
      vertex -4.933064559848006 -16.596216624988003 -3.2086101422886633
    endloop
  endfacet
  facet normal 0.5283292118363925 -0.6885320340783868 0.496781523376439
    outer loop
      vertex -4.599478303867664 -16.640134088748646 -3.5025115379253835
      vertex -4.470718815163989 -16.32928118483601 -3.2086101422886633
      vertex -4.684320328810697 -16.493183390930284 -3.2086101422886633
    endloop
  endfacet
  facet normal 0.5883542172166012 -0.7667581440948001 0.2567513652305243
    outer loop
      vertex -4.555560840107024 -16.716201367321638 -3.830315950113933
      vertex -4.350734072830355 -16.449265927169645 -3.5025115379253835
      vertex -4.599478303867664 -16.640134088748646 -3.5025115379253835
    endloop
  endfacet
  facet normal 0.7667581440947989 -0.5883542172166017 0.25675136523052666
    outer loop
      vertex -4.083798632678361 -16.244439159892977 -3.830315950113933
      vertex -4.159865911251355 -16.200521696132338 -3.5025115379253835
      vertex -4.350734072830355 -16.449265927169645 -3.5025115379253835
    endloop
  endfacet
  facet normal 0.892908770580684 -0.3698549227364047 0.2567513652305275
    outer loop
      vertex -3.955039143974687 -15.933586255980341 -3.830315950113933
      vertex -4.03988116891772 -15.910852903912634 -3.5025115379253835
      vertex -4.159865911251355 -16.200521696132338 -3.5025115379253835
    endloop
  endfacet
  facet normal 0.5283292118363955 -0.6885320340783861 0.49678152337643694
    outer loop
      vertex -4.599478303867664 -16.640134088748646 -3.5025115379253835
      vertex -4.350734072830355 -16.449265927169645 -3.5025115379253835
      vertex -4.470718815163989 -16.32928118483601 -3.2086101422886633
    endloop
  endfacet
  facet normal 0.6885320340783856 -0.5283292118363964 0.4967815233764366
    outer loop
      vertex -4.350734072830355 -16.449265927169645 -3.5025115379253835
      vertex -4.159865911251355 -16.200521696132338 -3.5025115379253835
      vertex -4.470718815163989 -16.32928118483601 -3.2086101422886633
    endloop
  endfacet
  facet normal 0.8018125360509213 -0.3321216269130569 0.4967815233764379
    outer loop
      vertex -4.159865911251355 -16.200521696132338 -3.5025115379253835
      vertex -4.03988116891772 -15.910852903912634 -3.5025115379253835
      vertex -4.306816609069715 -16.1156796711893 -3.2086101422886633
    endloop
  endfacet
  facet normal 0.6885320340783866 -0.5283292118363923 0.4967815233764394
    outer loop
      vertex -4.159865911251355 -16.200521696132338 -3.5025115379253835
      vertex -4.306816609069715 -16.1156796711893 -3.2086101422886633
      vertex -4.470718815163989 -16.32928118483601 -3.2086101422886633
    endloop
  endfacet
  facet normal 0.8018125360509214 -0.3321216269130601 0.4967815233764357
    outer loop
      vertex -4.03988116891772 -15.910852903912634 -3.5025115379253835
      vertex -4.203783375011995 -15.866935440151995 -3.2086101422886633
      vertex -4.306816609069715 -16.1156796711893 -3.2086101422886633
    endloop
  endfacet
  facet normal 0.13052619222004808 0.9914448613738109 0
    outer loop
      vertex -5.2 -14.311121680214047 -4
      vertex -4.866413744019658 -14.355039143974686 -3.830315950113933
      vertex -4.866413744019658 -14.355039143974686 -4
    endloop
  endfacet
  facet normal 0.13052619222004808 0.9914448613738109 0
    outer loop
      vertex -5.2 -14.311121680214047 -4
      vertex -5.2 -14.311121680214047 -3.830315950113933
      vertex -4.866413744019658 -14.355039143974686 -3.830315950113933
    endloop
  endfacet
  facet normal 0.3826834323650942 0.923879532511285 0
    outer loop
      vertex -4.866413744019658 -14.355039143974686 -4
      vertex -4.555560840107024 -14.483798632678361 -3.830315950113933
      vertex -4.555560840107024 -14.483798632678361 -4
    endloop
  endfacet
  facet normal 0.3826834323650942 0.923879532511285 0
    outer loop
      vertex -4.866413744019658 -14.355039143974686 -4
      vertex -4.866413744019658 -14.355039143974686 -3.830315950113933
      vertex -4.555560840107024 -14.483798632678361 -3.830315950113933
    endloop
  endfacet
  facet normal 0.12615062648588024 0.9582091399530055 0.2567513652305308
    outer loop
      vertex -5.2 -14.311121680214047 -3.830315950113933
      vertex -4.889147096087365 -14.43988116891772 -3.5025115379253835
      vertex -4.866413744019658 -14.355039143974686 -3.830315950113933
    endloop
  endfacet
  facet normal 0.36985492273641013 0.8929087705806825 0.25675136523052405
    outer loop
      vertex -4.866413744019658 -14.355039143974686 -3.830315950113933
      vertex -4.599478303867664 -14.559865911251354 -3.5025115379253835
      vertex -4.555560840107024 -14.483798632678361 -3.830315950113933
    endloop
  endfacet
  facet normal 0.9914448613738103 -0.1305261922200523 0
    outer loop
      vertex -3.955039143974687 -15.933586255980341 -4
      vertex -3.9111216802140465 -15.6 -4
      vertex -3.955039143974687 -15.933586255980341 -3.830315950113933
    endloop
  endfacet
  facet normal 0.9914448613738103 0.1305261922200523 0
    outer loop
      vertex -3.9111216802140465 -15.6 -4
      vertex -3.955039143974687 -15.266413744019658 -4
      vertex -3.9111216802140465 -15.6 -3.830315950113933
    endloop
  endfacet
  facet normal 0.9914448613738103 -0.1305261922200523 0
    outer loop
      vertex -3.955039143974687 -15.933586255980341 -3.830315950113933
      vertex -3.9111216802140465 -15.6 -4
      vertex -3.9111216802140465 -15.6 -3.830315950113933
    endloop
  endfacet
  facet normal 0.9238795325112871 0.382683432365089 0
    outer loop
      vertex -3.955039143974687 -15.266413744019658 -4
      vertex -4.083798632678361 -14.955560840107022 -4
      vertex -3.955039143974687 -15.266413744019658 -3.830315950113933
    endloop
  endfacet
  facet normal 0.9238795325112871 0.382683432365089 0
    outer loop
      vertex -3.955039143974687 -15.266413744019658 -3.830315950113933
      vertex -4.083798632678361 -14.955560840107022 -4
      vertex -4.083798632678361 -14.955560840107022 -3.830315950113933
    endloop
  endfacet
  facet normal 0.9914448613738103 0.1305261922200523 0
    outer loop
      vertex -3.955039143974687 -15.266413744019658 -4
      vertex -3.955039143974687 -15.266413744019658 -3.830315950113933
      vertex -3.9111216802140465 -15.6 -3.830315950113933
    endloop
  endfacet
  facet normal 0.9582091399530058 -0.12615062648588446 0.25675136523052733
    outer loop
      vertex -3.955039143974687 -15.933586255980341 -3.830315950113933
      vertex -3.9111216802140465 -15.6 -3.830315950113933
      vertex -4.03988116891772 -15.910852903912634 -3.5025115379253835
    endloop
  endfacet
  facet normal 0.9582091399530058 0.12615062648588446 0.25675136523052733
    outer loop
      vertex -3.9111216802140465 -15.6 -3.830315950113933
      vertex -3.955039143974687 -15.266413744019658 -3.830315950113933
      vertex -4.03988116891772 -15.289147096087365 -3.5025115379253835
    endloop
  endfacet
  facet normal 0.8929087705806835 0.3698549227364046 0.2567513652305294
    outer loop
      vertex -3.955039143974687 -15.266413744019658 -3.830315950113933
      vertex -4.083798632678361 -14.955560840107022 -3.830315950113933
      vertex -4.159865911251355 -14.999478303867663 -3.5025115379253835
    endloop
  endfacet
  facet normal 0.6087614290087194 0.793353340291236 0
    outer loop
      vertex -4.555560840107024 -14.483798632678361 -4
      vertex -4.288625399955029 -14.68862539995503 -3.830315950113933
      vertex -4.288625399955029 -14.68862539995503 -4
    endloop
  endfacet
  facet normal 0.7933533402912342 0.6087614290087219 0
    outer loop
      vertex -4.288625399955029 -14.68862539995503 -4
      vertex -4.083798632678361 -14.955560840107022 -3.830315950113933
      vertex -4.083798632678361 -14.955560840107022 -4
    endloop
  endfacet
  facet normal 0.7933533402912342 0.6087614290087219 0
    outer loop
      vertex -4.288625399955029 -14.68862539995503 -4
      vertex -4.288625399955029 -14.68862539995503 -3.830315950113933
      vertex -4.083798632678361 -14.955560840107022 -3.830315950113933
    endloop
  endfacet
  facet normal 0.6087614290087194 0.793353340291236 0
    outer loop
      vertex -4.555560840107024 -14.483798632678361 -4
      vertex -4.555560840107024 -14.483798632678361 -3.830315950113933
      vertex -4.288625399955029 -14.68862539995503 -3.830315950113933
    endloop
  endfacet
  facet normal 0.5883542172165994 0.7667581440948009 0.2567513652305261
    outer loop
      vertex -4.555560840107024 -14.483798632678361 -3.830315950113933
      vertex -4.350734072830355 -14.750734072830355 -3.5025115379253835
      vertex -4.288625399955029 -14.68862539995503 -3.830315950113933
    endloop
  endfacet
  facet normal 0.7667581440947989 0.5883542172166019 0.25675136523052666
    outer loop
      vertex -4.288625399955029 -14.68862539995503 -3.830315950113933
      vertex -4.350734072830355 -14.750734072830355 -3.5025115379253835
      vertex -4.083798632678361 -14.955560840107022 -3.830315950113933
    endloop
  endfacet
  facet normal 0.1261506264858844 0.958209139953006 0.25675136523052705
    outer loop
      vertex -5.2 -14.311121680214047 -3.830315950113933
      vertex -5.2 -14.398956607735327 -3.5025115379253835
      vertex -4.889147096087365 -14.43988116891772 -3.5025115379253835
    endloop
  endfacet
  facet normal 0.36985492273640264 0.8929087705806837 0.25675136523053094
    outer loop
      vertex -4.866413744019658 -14.355039143974686 -3.830315950113933
      vertex -4.889147096087365 -14.43988116891772 -3.5025115379253835
      vertex -4.599478303867664 -14.559865911251354 -3.5025115379253835
    endloop
  endfacet
  facet normal 0.11328050197253582 0.8604508387494539 0.4967815233764351
    outer loop
      vertex -5.2 -14.398956607735327 -3.5025115379253835
      vertex -4.933064559848006 -14.603783375011995 -3.2086101422886633
      vertex -4.889147096087365 -14.43988116891772 -3.5025115379253835
    endloop
  endfacet
  facet normal -0.11328050197253471 0.8604508387494536 0.49678152337643594
    outer loop
      vertex -5.466935440151994 -14.603783375011995 -3.2086101422886633
      vertex -5.2 -14.568640657621394 -3.2086101422886633
      vertex -5.2 -14.398956607735327 -3.5025115379253835
    endloop
  endfacet
  facet normal 0.11328050197253471 0.8604508387494536 0.4967815233764359
    outer loop
      vertex -5.2 -14.398956607735327 -3.5025115379253835
      vertex -5.2 -14.568640657621394 -3.2086101422886633
      vertex -4.933064559848006 -14.603783375011995 -3.2086101422886633
    endloop
  endfacet
  facet normal 0.5283292118363975 0.6885320340783857 0.49678152337643555
    outer loop
      vertex -4.599478303867664 -14.559865911251354 -3.5025115379253835
      vertex -4.684320328810697 -14.706816609069714 -3.2086101422886633
      vertex -4.470718815163989 -14.87071881516399 -3.2086101422886633
    endloop
  endfacet
  facet normal 0.3321216269130558 0.8018125360509232 0.4967815233764355
    outer loop
      vertex -4.889147096087365 -14.43988116891772 -3.5025115379253835
      vertex -4.684320328810697 -14.706816609069714 -3.2086101422886633
      vertex -4.599478303867664 -14.559865911251354 -3.5025115379253835
    endloop
  endfacet
  facet normal 0.3321216269130557 0.8018125360509232 0.49678152337643566
    outer loop
      vertex -4.889147096087365 -14.43988116891772 -3.5025115379253835
      vertex -4.933064559848006 -14.603783375011995 -3.2086101422886633
      vertex -4.684320328810697 -14.706816609069714 -3.2086101422886633
    endloop
  endfacet
  facet normal 0.9582091399530056 -0.12615062648588202 0.25675136523052955
    outer loop
      vertex -4.03988116891772 -15.910852903912634 -3.5025115379253835
      vertex -3.9111216802140465 -15.6 -3.830315950113933
      vertex -3.9989566077353276 -15.6 -3.5025115379253835
    endloop
  endfacet
  facet normal 0.9582091399530056 0.126150626485882 0.25675136523052955
    outer loop
      vertex -3.9111216802140465 -15.6 -3.830315950113933
      vertex -4.03988116891772 -15.289147096087365 -3.5025115379253835
      vertex -3.9989566077353276 -15.6 -3.5025115379253835
    endloop
  endfacet
  facet normal 0.8929087705806831 0.3698549227364066 0.25675136523052744
    outer loop
      vertex -3.955039143974687 -15.266413744019658 -3.830315950113933
      vertex -4.159865911251355 -14.999478303867663 -3.5025115379253835
      vertex -4.03988116891772 -15.289147096087365 -3.5025115379253835
    endloop
  endfacet
  facet normal 0.8018125360509222 0.33212162691305924 0.496781523376435
    outer loop
      vertex -4.03988116891772 -15.289147096087365 -3.5025115379253835
      vertex -4.159865911251355 -14.999478303867663 -3.5025115379253835
      vertex -4.306816609069715 -15.084320328810696 -3.2086101422886633
    endloop
  endfacet
  facet normal 0.8018125360509221 0.332121626913058 0.4967815233764359
    outer loop
      vertex -4.03988116891772 -15.289147096087365 -3.5025115379253835
      vertex -4.306816609069715 -15.084320328810696 -3.2086101422886633
      vertex -4.203783375011995 -15.333064559848005 -3.2086101422886633
    endloop
  endfacet
  facet normal 0.8604508387494534 -0.11328050197253361 0.49678152337643644
    outer loop
      vertex -4.03988116891772 -15.910852903912634 -3.5025115379253835
      vertex -3.9989566077353276 -15.6 -3.5025115379253835
      vertex -4.203783375011995 -15.866935440151995 -3.2086101422886633
    endloop
  endfacet
  facet normal 0.8604508387494536 -0.11328050197253435 0.49678152337643594
    outer loop
      vertex -3.9989566077353276 -15.6 -3.5025115379253835
      vertex -4.168640657621395 -15.6 -3.2086101422886633
      vertex -4.203783375011995 -15.866935440151995 -3.2086101422886633
    endloop
  endfacet
  facet normal 0.8604508387494536 0.11328050197253435 0.49678152337643594
    outer loop
      vertex -3.9989566077353276 -15.6 -3.5025115379253835
      vertex -4.203783375011995 -15.333064559848005 -3.2086101422886633
      vertex -4.168640657621395 -15.6 -3.2086101422886633
    endloop
  endfacet
  facet normal 0.8604508387494534 0.11328050197253361 0.49678152337643644
    outer loop
      vertex -3.9989566077353276 -15.6 -3.5025115379253835
      vertex -4.03988116891772 -15.289147096087365 -3.5025115379253835
      vertex -4.203783375011995 -15.333064559848005 -3.2086101422886633
    endloop
  endfacet
  facet normal 0.7667581440948004 0.5883542172165986 0.25675136523052977
    outer loop
      vertex -4.083798632678361 -14.955560840107022 -3.830315950113933
      vertex -4.350734072830355 -14.750734072830355 -3.5025115379253835
      vertex -4.159865911251355 -14.999478303867663 -3.5025115379253835
    endloop
  endfacet
  facet normal 0.5883542172166012 0.7667581440948001 0.2567513652305243
    outer loop
      vertex -4.555560840107024 -14.483798632678361 -3.830315950113933
      vertex -4.599478303867664 -14.559865911251354 -3.5025115379253835
      vertex -4.350734072830355 -14.750734072830355 -3.5025115379253835
    endloop
  endfacet
  facet normal 0.5283292118363955 0.6885320340783861 0.49678152337643694
    outer loop
      vertex -4.599478303867664 -14.559865911251354 -3.5025115379253835
      vertex -4.470718815163989 -14.87071881516399 -3.2086101422886633
      vertex -4.350734072830355 -14.750734072830355 -3.5025115379253835
    endloop
  endfacet
  facet normal 0.6885320340783876 0.528329211836394 0.4967815233764365
    outer loop
      vertex -4.350734072830355 -14.750734072830355 -3.5025115379253835
      vertex -4.470718815163989 -14.87071881516399 -3.2086101422886633
      vertex -4.159865911251355 -14.999478303867663 -3.5025115379253835
    endloop
  endfacet
  facet normal 0.6885320340783869 0.5283292118363969 0.4967815233764344
    outer loop
      vertex -4.159865911251355 -14.999478303867663 -3.5025115379253835
      vertex -4.470718815163989 -14.87071881516399 -3.2086101422886633
      vertex -4.306816609069715 -15.084320328810696 -3.2086101422886633
    endloop
  endfacet
  facet normal -0.09269159872356239 -0.7040625922196352 0.704062592219639
    outer loop
      vertex -5.404826767276668 -16.364423902226612 -2.9686406576213944
      vertex -5.2 -16.631359342378605 -3.2086101422886633
      vertex -5.2 -16.391389857711335 -2.9686406576213944
    endloop
  endfacet
  facet normal 0.09269159872356231 -0.7040625922196352 0.704062592219639
    outer loop
      vertex -5.2 -16.631359342378605 -3.2086101422886633
      vertex -4.9951732327233325 -16.364423902226612 -2.9686406576213944
      vertex -5.2 -16.391389857711335 -2.9686406576213944
    endloop
  endfacet
  facet normal 0.0926915987235761 -0.70406259221964 0.7040625922196326
    outer loop
      vertex -5.2 -16.631359342378605 -3.2086101422886633
      vertex -4.933064559848006 -16.596216624988003 -3.2086101422886633
      vertex -4.9951732327233325 -16.364423902226612 -2.9686406576213944
    endloop
  endfacet
  facet normal 0.27175801689781115 -0.6560818900783183 0.704062592219634
    outer loop
      vertex -4.933064559848006 -16.596216624988003 -3.2086101422886633
      vertex -4.684320328810697 -16.493183390930284 -3.2086101422886633
      vertex -4.804305071144332 -16.28536372107537 -2.9686406576213944
    endloop
  endfacet
  facet normal 0.2717580168978144 -0.6560818900783184 0.7040625922196325
    outer loop
      vertex -4.933064559848006 -16.596216624988003 -3.2086101422886633
      vertex -4.804305071144332 -16.28536372107537 -2.9686406576213944
      vertex -4.9951732327233325 -16.364423902226612 -2.9686406576213944
    endloop
  endfacet
  facet normal 0.43230457532182376 -0.563390291354746 0.704062592219635
    outer loop
      vertex -4.684320328810697 -16.493183390930284 -3.2086101422886633
      vertex -4.470718815163989 -16.32928118483601 -3.2086101422886633
      vertex -4.640402865050057 -16.159597134949944 -2.9686406576213944
    endloop
  endfacet
  facet normal 0.43230457532182504 -0.5633902913547457 0.7040625922196344
    outer loop
      vertex -4.684320328810697 -16.493183390930284 -3.2086101422886633
      vertex -4.640402865050057 -16.159597134949944 -2.9686406576213944
      vertex -4.804305071144332 -16.28536372107537 -2.9686406576213944
    endloop
  endfacet
  facet normal 0.5633902913547456 -0.4323045753218232 0.7040625922196359
    outer loop
      vertex -4.640402865050057 -16.159597134949944 -2.9686406576213944
      vertex -4.470718815163989 -16.32928118483601 -3.2086101422886633
      vertex -4.51463627892463 -15.995694928855668 -2.9686406576213944
    endloop
  endfacet
  facet normal 0.5633902913547454 -0.43230457532182326 0.7040625922196356
    outer loop
      vertex -4.470718815163989 -16.32928118483601 -3.2086101422886633
      vertex -4.306816609069715 -16.1156796711893 -3.2086101422886633
      vertex -4.51463627892463 -15.995694928855668 -2.9686406576213944
    endloop
  endfacet
  facet normal 0.6560818900783151 -0.2717580168978131 0.7040625922196359
    outer loop
      vertex -4.306816609069715 -16.1156796711893 -3.2086101422886633
      vertex -4.435576097773389 -15.804826767276667 -2.9686406576213944
      vertex -4.51463627892463 -15.995694928855668 -2.9686406576213944
    endloop
  endfacet
  facet normal 0.6560818900783142 -0.2717580168978138 0.7040625922196367
    outer loop
      vertex -4.306816609069715 -16.1156796711893 -3.2086101422886633
      vertex -4.203783375011995 -15.866935440151995 -3.2086101422886633
      vertex -4.435576097773389 -15.804826767276667 -2.9686406576213944
    endloop
  endfacet
  facet normal 0.0656840949062107 -0.49892023402452645 0.8641551942546337
    outer loop
      vertex -5.2 -16.391389857711335 -2.9686406576213944
      vertex -4.9951732327233325 -16.364423902226612 -2.9686406576213944
      vertex -5.2 -16.097488462074615 -2.7989566077353274
    endloop
  endfacet
  facet normal 0.1925760221988912 -0.464919644580424 0.864155194254634
    outer loop
      vertex -4.9951732327233325 -16.364423902226612 -2.9686406576213944
      vertex -4.804305071144332 -16.28536372107537 -2.9686406576213944
      vertex -4.9512557689626915 -16.03083764624627 -2.7989566077353274
    endloop
  endfacet
  facet normal -0.0656840949062089 -0.49892023402452657 0.8641551942546337
    outer loop
      vertex -5.328759488703674 -16.080536953798703 -2.7989566077353274
      vertex -5.2 -16.391389857711335 -2.9686406576213944
      vertex -5.2 -16.097488462074615 -2.7989566077353274
    endloop
  endfacet
  facet normal 0.0656840949062089 -0.4989202340245275 0.8641551942546333
    outer loop
      vertex -4.9951732327233325 -16.364423902226612 -2.9686406576213944
      vertex -5.071240511296327 -16.080536953798703 -2.7989566077353274
      vertex -5.2 -16.097488462074615 -2.7989566077353274
    endloop
  endfacet
  facet normal 0.19257602219889378 -0.46491964458042406 0.8641551942546334
    outer loop
      vertex -4.9951732327233325 -16.364423902226612 -2.9686406576213944
      vertex -4.9512557689626915 -16.03083764624627 -2.7989566077353274
      vertex -5.071240511296327 -16.080536953798703 -2.7989566077353274
    endloop
  endfacet
  facet normal 0.3063442118256336 -0.39923554967420755 0.8641551942546343
    outer loop
      vertex -4.804305071144332 -16.28536372107537 -2.9686406576213944
      vertex -4.640402865050057 -16.159597134949944 -2.9686406576213944
      vertex -4.848222534904972 -15.951777465095027 -2.7989566077353274
    endloop
  endfacet
  facet normal 0.3992355496742091 -0.3063442118256336 0.8641551942546335
    outer loop
      vertex -4.640402865050057 -16.159597134949944 -2.9686406576213944
      vertex -4.51463627892463 -15.995694928855668 -2.9686406576213944
      vertex -4.769162353753731 -15.848744231037308 -2.7989566077353274
    endloop
  endfacet
  facet normal 0.3063442118256352 -0.39923554967420716 0.8641551942546338
    outer loop
      vertex -4.804305071144332 -16.28536372107537 -2.9686406576213944
      vertex -4.848222534904972 -15.951777465095027 -2.7989566077353274
      vertex -4.9512557689626915 -16.03083764624627 -2.7989566077353274
    endloop
  endfacet
  facet normal 0.39923554967420744 -0.3063442118256346 0.864155194254634
    outer loop
      vertex -4.640402865050057 -16.159597134949944 -2.9686406576213944
      vertex -4.769162353753731 -15.848744231037308 -2.7989566077353274
      vertex -4.848222534904972 -15.951777465095027 -2.7989566077353274
    endloop
  endfacet
  facet normal -0.03405441002121975 -0.2586689249751402 0.9653655703464423
    outer loop
      vertex -5.328759488703674 -16.080536953798703 -2.7989566077353274
      vertex -5.2 -16.097488462074615 -2.7989566077353274
      vertex -5.24391746376064 -15.763902206094274 -2.7111216802140463
    endloop
  endfacet
  facet normal -0.03405441002122685 -0.25866892497514105 0.9653655703464419
    outer loop
      vertex -5.2 -16.097488462074615 -2.7989566077353274
      vertex -5.2 -15.769684049886067 -2.7111216802140463
      vertex -5.24391746376064 -15.763902206094274 -2.7111216802140463
    endloop
  endfacet
  facet normal 0.034054410021219866 -0.2586689249751411 0.9653655703464422
    outer loop
      vertex -5.2 -16.097488462074615 -2.7989566077353274
      vertex -5.071240511296327 -16.080536953798703 -2.7989566077353274
      vertex -5.2 -15.769684049886067 -2.7111216802140463
    endloop
  endfacet
  facet normal 0.09984247829830005 -0.24104106520869362 0.9653655703464422
    outer loop
      vertex -5.071240511296327 -16.080536953798703 -2.7989566077353274
      vertex -4.9512557689626915 -16.03083764624627 -2.7989566077353274
      vertex -5.115157975056967 -15.74695069781836 -2.7111216802140463
    endloop
  endfacet
  facet normal 0.15882644667684204 -0.20698665518747048 0.9653655703464421
    outer loop
      vertex -4.9512557689626915 -16.03083764624627 -2.7989566077353274
      vertex -4.848222534904972 -15.951777465095027 -2.7989566077353274
      vertex -5.080015257666366 -15.719984742333635 -2.7111216802140463
    endloop
  endfacet
  facet normal 0.5633902913547418 0.43230457532182504 0.7040625922196375
    outer loop
      vertex -4.640402865050057 -15.040402865050057 -2.9686406576213944
      vertex -4.51463627892463 -15.204305071144331 -2.9686406576213944
      vertex -4.470718815163989 -14.87071881516399 -3.2086101422886633
    endloop
  endfacet
  facet normal -0.09269159872357484 0.704062592219637 0.7040625922196356
    outer loop
      vertex -5.404826767276668 -14.835576097773389 -2.9686406576213944
      vertex -5.2 -14.808610142288662 -2.9686406576213944
      vertex -5.2 -14.568640657621394 -3.2086101422886633
    endloop
  endfacet
  facet normal 0.09269159872357487 0.704062592219637 0.7040625922196356
    outer loop
      vertex -5.2 -14.568640657621394 -3.2086101422886633
      vertex -5.2 -14.808610142288662 -2.9686406576213944
      vertex -4.9951732327233325 -14.835576097773389 -2.9686406576213944
    endloop
  endfacet
  facet normal 0.09269159872357086 0.7040625922196356 0.7040625922196375
    outer loop
      vertex -5.2 -14.568640657621394 -3.2086101422886633
      vertex -4.9951732327233325 -14.835576097773389 -2.9686406576213944
      vertex -4.933064559848006 -14.603783375011995 -3.2086101422886633
    endloop
  endfacet
  facet normal 0.2717580168978102 0.656081890078316 0.7040625922196364
    outer loop
      vertex -4.933064559848006 -14.603783375011995 -3.2086101422886633
      vertex -4.804305071144332 -14.914636278924629 -2.9686406576213944
      vertex -4.684320328810697 -14.706816609069714 -3.2086101422886633
    endloop
  endfacet
  facet normal 0.27175801689780726 0.6560818900783157 0.7040625922196379
    outer loop
      vertex -4.933064559848006 -14.603783375011995 -3.2086101422886633
      vertex -4.9951732327233325 -14.835576097773389 -2.9686406576213944
      vertex -4.804305071144332 -14.914636278924629 -2.9686406576213944
    endloop
  endfacet
  facet normal 0.43230457532182526 0.563390291354742 0.7040625922196373
    outer loop
      vertex -4.640402865050057 -15.040402865050057 -2.9686406576213944
      vertex -4.470718815163989 -14.87071881516399 -3.2086101422886633
      vertex -4.684320328810697 -14.706816609069714 -3.2086101422886633
    endloop
  endfacet
  facet normal 0.4323045753218278 0.5633902913547415 0.7040625922196362
    outer loop
      vertex -4.640402865050057 -15.040402865050057 -2.9686406576213944
      vertex -4.684320328810697 -14.706816609069714 -3.2086101422886633
      vertex -4.804305071144332 -14.914636278924629 -2.9686406576213944
    endloop
  endfacet
  facet normal 0.7040625922196371 -0.09269159872357191 0.7040625922196359
    outer loop
      vertex -4.168640657621395 -15.6 -3.2086101422886633
      vertex -4.408610142288663 -15.6 -2.9686406576213944
      vertex -4.435576097773389 -15.804826767276667 -2.9686406576213944
    endloop
  endfacet
  facet normal 0.7040625922196371 0.09269159872357191 0.7040625922196359
    outer loop
      vertex -4.168640657621395 -15.6 -3.2086101422886633
      vertex -4.435576097773389 -15.395173232723332 -2.9686406576213944
      vertex -4.408610142288663 -15.6 -2.9686406576213944
    endloop
  endfacet
  facet normal 0.7040625922196369 -0.0926915987235707 0.7040625922196364
    outer loop
      vertex -4.203783375011995 -15.866935440151995 -3.2086101422886633
      vertex -4.168640657621395 -15.6 -3.2086101422886633
      vertex -4.435576097773389 -15.804826767276667 -2.9686406576213944
    endloop
  endfacet
  facet normal 0.5633902913547425 0.4323045753218247 0.7040625922196373
    outer loop
      vertex -4.306816609069715 -15.084320328810696 -3.2086101422886633
      vertex -4.470718815163989 -14.87071881516399 -3.2086101422886633
      vertex -4.51463627892463 -15.204305071144331 -2.9686406576213944
    endloop
  endfacet
  facet normal 0.6560818900783142 0.27175801689781276 0.7040625922196372
    outer loop
      vertex -4.306816609069715 -15.084320328810696 -3.2086101422886633
      vertex -4.51463627892463 -15.204305071144331 -2.9686406576213944
      vertex -4.435576097773389 -15.395173232723332 -2.9686406576213944
    endloop
  endfacet
  facet normal 0.7040625922196369 0.0926915987235707 0.7040625922196364
    outer loop
      vertex -4.168640657621395 -15.6 -3.2086101422886633
      vertex -4.203783375011995 -15.333064559848005 -3.2086101422886633
      vertex -4.435576097773389 -15.395173232723332 -2.9686406576213944
    endloop
  endfacet
  facet normal 0.6560818900783149 0.2717580168978121 0.7040625922196367
    outer loop
      vertex -4.203783375011995 -15.333064559848005 -3.2086101422886633
      vertex -4.306816609069715 -15.084320328810696 -3.2086101422886633
      vertex -4.435576097773389 -15.395173232723332 -2.9686406576213944
    endloop
  endfacet
  facet normal 0.1925760221988876 0.4649196445804259 0.8641551942546338
    outer loop
      vertex -4.9951732327233325 -14.835576097773389 -2.9686406576213944
      vertex -5.071240511296327 -15.119463046201298 -2.7989566077353274
      vertex -4.9512557689626915 -15.16916235375373 -2.7989566077353274
    endloop
  endfacet
  facet normal 0.4649196445804248 -0.1925760221988915 0.8641551942546336
    outer loop
      vertex -4.51463627892463 -15.995694928855668 -2.9686406576213944
      vertex -4.435576097773389 -15.804826767276667 -2.9686406576213944
      vertex -4.719463046201298 -15.728759488703673 -2.7989566077353274
    endloop
  endfacet
  facet normal 0.4649196445804254 -0.1925760221988909 0.8641551942546335
    outer loop
      vertex -4.51463627892463 -15.995694928855668 -2.9686406576213944
      vertex -4.719463046201298 -15.728759488703673 -2.7989566077353274
      vertex -4.769162353753731 -15.848744231037308 -2.7989566077353274
    endloop
  endfacet
  facet normal 0.49892023402452584 -0.06568409490621566 0.8641551942546336
    outer loop
      vertex -4.435576097773389 -15.804826767276667 -2.9686406576213944
      vertex -4.702511537925384 -15.6 -2.7989566077353274
      vertex -4.719463046201298 -15.728759488703673 -2.7989566077353274
    endloop
  endfacet
  facet normal 0.49892023402452584 0.06568409490621566 0.8641551942546336
    outer loop
      vertex -4.435576097773389 -15.395173232723332 -2.9686406576213944
      vertex -4.719463046201298 -15.471240511296326 -2.7989566077353274
      vertex -4.702511537925384 -15.6 -2.7989566077353274
    endloop
  endfacet
  facet normal 0.3063442118256372 0.3992355496742066 0.8641551942546334
    outer loop
      vertex -4.640402865050057 -15.040402865050057 -2.9686406576213944
      vertex -4.804305071144332 -14.914636278924629 -2.9686406576213944
      vertex -4.848222534904972 -15.248222534904972 -2.7989566077353274
    endloop
  endfacet
  facet normal 0.4649196445804247 0.19257602219889144 0.8641551942546336
    outer loop
      vertex -4.435576097773389 -15.395173232723332 -2.9686406576213944
      vertex -4.51463627892463 -15.204305071144331 -2.9686406576213944
      vertex -4.719463046201298 -15.471240511296326 -2.7989566077353274
    endloop
  endfacet
  facet normal 0.3992355496742077 0.30634421182563587 0.8641551942546334
    outer loop
      vertex -4.640402865050057 -15.040402865050057 -2.9686406576213944
      vertex -4.769162353753731 -15.351255768962691 -2.7989566077353274
      vertex -4.51463627892463 -15.204305071144331 -2.9686406576213944
    endloop
  endfacet
  facet normal 0.3063442118256352 0.39923554967420716 0.8641551942546338
    outer loop
      vertex -4.804305071144332 -14.914636278924629 -2.9686406576213944
      vertex -4.9512557689626915 -15.16916235375373 -2.7989566077353274
      vertex -4.848222534904972 -15.248222534904972 -2.7989566077353274
    endloop
  endfacet
  facet normal 0.3992355496742085 0.3063442118256354 0.8641551942546332
    outer loop
      vertex -4.640402865050057 -15.040402865050057 -2.9686406576213944
      vertex -4.848222534904972 -15.248222534904972 -2.7989566077353274
      vertex -4.769162353753731 -15.351255768962691 -2.7989566077353274
    endloop
  endfacet
  facet normal 0.4649196445804254 0.1925760221988909 0.8641551942546335
    outer loop
      vertex -4.51463627892463 -15.204305071144331 -2.9686406576213944
      vertex -4.769162353753731 -15.351255768962691 -2.7989566077353274
      vertex -4.719463046201298 -15.471240511296326 -2.7989566077353274
    endloop
  endfacet
  facet normal -0.09984247829829596 -0.2410410652086942 0.9653655703464425
    outer loop
      vertex -5.328759488703674 -16.080536953798703 -2.7989566077353274
      vertex -5.24391746376064 -15.763902206094274 -2.7111216802140463
      vertex -5.284842024943034 -15.74695069781836 -2.7111216802140463
    endloop
  endfacet
  facet normal 0.0340544100212265 -0.25866892497513844 0.9653655703464425
    outer loop
      vertex -5.071240511296327 -16.080536953798703 -2.7989566077353274
      vertex -5.15608253623936 -15.763902206094274 -2.7111216802140463
      vertex -5.2 -15.769684049886067 -2.7111216802140463
    endloop
  endfacet
  facet normal 0.09984247829829596 -0.2410410652086942 0.9653655703464425
    outer loop
      vertex -5.071240511296327 -16.080536953798703 -2.7989566077353274
      vertex -5.115157975056967 -15.74695069781836 -2.7111216802140463
      vertex -5.15608253623936 -15.763902206094274 -2.7111216802140463
    endloop
  endfacet
  facet normal 0 0 1
    outer loop
      vertex -5.284842024943034 -15.74695069781836 -2.7111216802140463
      vertex -5.24391746376064 -15.763902206094274 -2.7111216802140463
      vertex -5.284842024943034 -15.45304930218164 -2.7111216802140463
    endloop
  endfacet
  facet normal 0 0 1
    outer loop
      vertex -5.319984742333634 -15.480015257666365 -2.7111216802140463
      vertex -5.284842024943034 -15.74695069781836 -2.7111216802140463
      vertex -5.284842024943034 -15.45304930218164 -2.7111216802140463
    endloop
  endfacet
  facet normal 0 0 1
    outer loop
      vertex -5.24391746376064 -15.763902206094274 -2.7111216802140463
      vertex -5.2 -15.769684049886067 -2.7111216802140463
      vertex -5.24391746376064 -15.436097793905725 -2.7111216802140463
    endloop
  endfacet
  facet normal 0 0 1
    outer loop
      vertex -5.24391746376064 -15.763902206094274 -2.7111216802140463
      vertex -5.24391746376064 -15.436097793905725 -2.7111216802140463
      vertex -5.284842024943034 -15.45304930218164 -2.7111216802140463
    endloop
  endfacet
  facet normal 0 0 1
    outer loop
      vertex -5.2 -15.769684049886067 -2.7111216802140463
      vertex -5.2 -15.430315950113933 -2.7111216802140463
      vertex -5.24391746376064 -15.436097793905725 -2.7111216802140463
    endloop
  endfacet
  facet normal 0 0 1
    outer loop
      vertex -5.2 -15.769684049886067 -2.7111216802140463
      vertex -5.15608253623936 -15.763902206094274 -2.7111216802140463
      vertex -5.2 -15.430315950113933 -2.7111216802140463
    endloop
  endfacet
  facet normal 0 0 1
    outer loop
      vertex -5.15608253623936 -15.763902206094274 -2.7111216802140463
      vertex -5.115157975056967 -15.74695069781836 -2.7111216802140463
      vertex -5.15608253623936 -15.436097793905725 -2.7111216802140463
    endloop
  endfacet
  facet normal 0 0 1
    outer loop
      vertex -5.15608253623936 -15.763902206094274 -2.7111216802140463
      vertex -5.15608253623936 -15.436097793905725 -2.7111216802140463
      vertex -5.2 -15.430315950113933 -2.7111216802140463
    endloop
  endfacet
  facet normal 0 0 1
    outer loop
      vertex -5.115157975056967 -15.74695069781836 -2.7111216802140463
      vertex -5.115157975056967 -15.45304930218164 -2.7111216802140463
      vertex -5.15608253623936 -15.436097793905725 -2.7111216802140463
    endloop
  endfacet
  facet normal 0.15882644667683873 -0.20698665518747195 0.9653655703464422
    outer loop
      vertex -4.9512557689626915 -16.03083764624627 -2.7989566077353274
      vertex -5.080015257666366 -15.719984742333635 -2.7111216802140463
      vertex -5.115157975056967 -15.74695069781836 -2.7111216802140463
    endloop
  endfacet
  facet normal 0.20698665518747006 -0.1588264466768421 0.9653655703464422
    outer loop
      vertex -4.848222534904972 -15.951777465095027 -2.7989566077353274
      vertex -5.05304930218164 -15.684842024943034 -2.7111216802140463
      vertex -5.080015257666366 -15.719984742333635 -2.7111216802140463
    endloop
  endfacet
  facet normal 0.24104106520869342 -0.09984247829830098 0.9653655703464422
    outer loop
      vertex -4.769162353753731 -15.848744231037308 -2.7989566077353274
      vertex -5.036097793905725 -15.64391746376064 -2.7111216802140463
      vertex -5.05304930218164 -15.684842024943034 -2.7111216802140463
    endloop
  endfacet
  facet normal 0.2586689249751413 -0.034054410021221074 0.965365570346442
    outer loop
      vertex -4.719463046201298 -15.728759488703673 -2.7989566077353274
      vertex -5.030315950113933 -15.6 -2.7111216802140463
      vertex -5.036097793905725 -15.64391746376064 -2.7111216802140463
    endloop
  endfacet
  facet normal 0.2586689249751413 0.034054410021221074 0.965365570346442
    outer loop
      vertex -4.719463046201298 -15.471240511296326 -2.7989566077353274
      vertex -5.036097793905725 -15.556082536239359 -2.7111216802140463
      vertex -5.030315950113933 -15.6 -2.7111216802140463
    endloop
  endfacet
  facet normal 0.24104106520869342 0.09984247829830098 0.9653655703464422
    outer loop
      vertex -4.769162353753731 -15.351255768962691 -2.7989566077353274
      vertex -5.05304930218164 -15.515157975056965 -2.7111216802140463
      vertex -5.036097793905725 -15.556082536239359 -2.7111216802140463
    endloop
  endfacet
  facet normal 0 0 1
    outer loop
      vertex -5.115157975056967 -15.74695069781836 -2.7111216802140463
      vertex -5.080015257666366 -15.719984742333635 -2.7111216802140463
      vertex -5.115157975056967 -15.45304930218164 -2.7111216802140463
    endloop
  endfacet
  facet normal 0 0 1
    outer loop
      vertex -5.080015257666366 -15.719984742333635 -2.7111216802140463
      vertex -5.05304930218164 -15.684842024943034 -2.7111216802140463
      vertex -5.080015257666366 -15.480015257666365 -2.7111216802140463
    endloop
  endfacet
  facet normal 0 0 1
    outer loop
      vertex -5.05304930218164 -15.684842024943034 -2.7111216802140463
      vertex -5.05304930218164 -15.515157975056965 -2.7111216802140463
      vertex -5.080015257666366 -15.480015257666365 -2.7111216802140463
    endloop
  endfacet
  facet normal 0 0 1
    outer loop
      vertex -5.05304930218164 -15.684842024943034 -2.7111216802140463
      vertex -5.036097793905725 -15.64391746376064 -2.7111216802140463
      vertex -5.05304930218164 -15.515157975056965 -2.7111216802140463
    endloop
  endfacet
  facet normal 0 0 1
    outer loop
      vertex -5.036097793905725 -15.64391746376064 -2.7111216802140463
      vertex -5.030315950113933 -15.6 -2.7111216802140463
      vertex -5.036097793905725 -15.556082536239359 -2.7111216802140463
    endloop
  endfacet
  facet normal 0 0 1
    outer loop
      vertex -5.036097793905725 -15.64391746376064 -2.7111216802140463
      vertex -5.036097793905725 -15.556082536239359 -2.7111216802140463
      vertex -5.05304930218164 -15.515157975056965 -2.7111216802140463
    endloop
  endfacet
  facet normal 0 0 1
    outer loop
      vertex -5.080015257666366 -15.719984742333635 -2.7111216802140463
      vertex -5.080015257666366 -15.480015257666365 -2.7111216802140463
      vertex -5.115157975056967 -15.45304930218164 -2.7111216802140463
    endloop
  endfacet
  facet normal -0.09984247829829643 0.24104106520869537 0.9653655703464421
    outer loop
      vertex -5.328759488703674 -15.119463046201298 -2.7989566077353274
      vertex -5.284842024943034 -15.45304930218164 -2.7111216802140463
      vertex -5.24391746376064 -15.436097793905725 -2.7111216802140463
    endloop
  endfacet
  facet normal -0.03405441002122667 0.25866892497513977 0.9653655703464422
    outer loop
      vertex -5.2 -15.102511537925382 -2.7989566077353274
      vertex -5.24391746376064 -15.436097793905725 -2.7111216802140463
      vertex -5.2 -15.430315950113933 -2.7111216802140463
    endloop
  endfacet
  facet normal 0.03405441002122667 0.25866892497513977 0.9653655703464422
    outer loop
      vertex -5.2 -15.102511537925382 -2.7989566077353274
      vertex -5.2 -15.430315950113933 -2.7111216802140463
      vertex -5.15608253623936 -15.436097793905725 -2.7111216802140463
    endloop
  endfacet
  facet normal 0.09984247829829643 0.24104106520869537 0.9653655703464421
    outer loop
      vertex -5.071240511296327 -15.119463046201298 -2.7989566077353274
      vertex -5.15608253623936 -15.436097793905725 -2.7111216802140463
      vertex -5.115157975056967 -15.45304930218164 -2.7111216802140463
    endloop
  endfacet
  facet normal -0.034054410021226826 0.25866892497513977 0.9653655703464422
    outer loop
      vertex -5.328759488703674 -15.119463046201298 -2.7989566077353274
      vertex -5.24391746376064 -15.436097793905725 -2.7111216802140463
      vertex -5.2 -15.102511537925382 -2.7989566077353274
    endloop
  endfacet
  facet normal 0.03405441002122682 0.2586689249751397 0.9653655703464422
    outer loop
      vertex -5.2 -15.102511537925382 -2.7989566077353274
      vertex -5.15608253623936 -15.436097793905725 -2.7111216802140463
      vertex -5.071240511296327 -15.119463046201298 -2.7989566077353274
    endloop
  endfacet
  facet normal 0.15882644667683873 0.20698665518747195 0.9653655703464422
    outer loop
      vertex -4.9512557689626915 -15.16916235375373 -2.7989566077353274
      vertex -5.115157975056967 -15.45304930218164 -2.7111216802140463
      vertex -5.080015257666366 -15.480015257666365 -2.7111216802140463
    endloop
  endfacet
  facet normal 0.09984247829829718 0.2410410652086953 0.9653655703464421
    outer loop
      vertex -5.071240511296327 -15.119463046201298 -2.7989566077353274
      vertex -5.115157975056967 -15.45304930218164 -2.7111216802140463
      vertex -4.9512557689626915 -15.16916235375373 -2.7989566077353274
    endloop
  endfacet
  facet normal 0.20698665518747006 0.1588264466768421 0.9653655703464422
    outer loop
      vertex -4.848222534904972 -15.248222534904972 -2.7989566077353274
      vertex -5.080015257666366 -15.480015257666365 -2.7111216802140463
      vertex -5.05304930218164 -15.515157975056965 -2.7111216802140463
    endloop
  endfacet
  facet normal 0.15882644667684204 0.20698665518747048 0.9653655703464421
    outer loop
      vertex -4.9512557689626915 -15.16916235375373 -2.7989566077353274
      vertex -5.080015257666366 -15.480015257666365 -2.7111216802140463
      vertex -4.848222534904972 -15.248222534904972 -2.7989566077353274
    endloop
  endfacet
  facet normal 0.20698665518747056 -0.15882644667684168 0.9653655703464421
    outer loop
      vertex -4.848222534904972 -15.951777465095027 -2.7989566077353274
      vertex -4.769162353753731 -15.848744231037308 -2.7989566077353274
      vertex -5.05304930218164 -15.684842024943034 -2.7111216802140463
    endloop
  endfacet
  facet normal 0.241041065208695 -0.09984247829829884 0.965365570346442
    outer loop
      vertex -4.769162353753731 -15.848744231037308 -2.7989566077353274
      vertex -4.719463046201298 -15.728759488703673 -2.7989566077353274
      vertex -5.036097793905725 -15.64391746376064 -2.7111216802140463
    endloop
  endfacet
  facet normal 0.2586689249751404 -0.034054410021223336 0.9653655703464421
    outer loop
      vertex -4.719463046201298 -15.728759488703673 -2.7989566077353274
      vertex -4.702511537925384 -15.6 -2.7989566077353274
      vertex -5.030315950113933 -15.6 -2.7111216802140463
    endloop
  endfacet
  facet normal 0.2586689249751404 0.034054410021223336 0.9653655703464421
    outer loop
      vertex -4.719463046201298 -15.471240511296326 -2.7989566077353274
      vertex -5.030315950113933 -15.6 -2.7111216802140463
      vertex -4.702511537925384 -15.6 -2.7989566077353274
    endloop
  endfacet
  facet normal 0.241041065208695 0.09984247829829884 0.965365570346442
    outer loop
      vertex -4.719463046201298 -15.471240511296326 -2.7989566077353274
      vertex -4.769162353753731 -15.351255768962691 -2.7989566077353274
      vertex -5.036097793905725 -15.556082536239359 -2.7111216802140463
    endloop
  endfacet
  facet normal 0.20698665518747056 0.15882644667684168 0.9653655703464421
    outer loop
      vertex -4.848222534904972 -15.248222534904972 -2.7989566077353274
      vertex -5.05304930218164 -15.515157975056965 -2.7111216802140463
      vertex -4.769162353753731 -15.351255768962691 -2.7989566077353274
    endloop
  endfacet
  facet normal 0.06568409490621917 0.49892023402452507 0.8641551942546337
    outer loop
      vertex -5.2 -14.808610142288662 -2.9686406576213944
      vertex -5.071240511296327 -15.119463046201298 -2.7989566077353274
      vertex -4.9951732327233325 -14.835576097773389 -2.9686406576213944
    endloop
  endfacet
  facet normal 0.19257602219888764 0.46491964458042595 0.8641551942546338
    outer loop
      vertex -4.9951732327233325 -14.835576097773389 -2.9686406576213944
      vertex -4.9512557689626915 -15.16916235375373 -2.7989566077353274
      vertex -4.804305071144332 -14.914636278924629 -2.9686406576213944
    endloop
  endfacet
  facet normal -0.0656840949062226 0.4989202340245261 0.8641551942546329
    outer loop
      vertex -5.328759488703674 -15.119463046201298 -2.7989566077353274
      vertex -5.2 -15.102511537925382 -2.7989566077353274
      vertex -5.2 -14.808610142288662 -2.9686406576213944
    endloop
  endfacet
  facet normal 0.06568409490622248 0.498920234024526 0.8641551942546329
    outer loop
      vertex -5.2 -14.808610142288662 -2.9686406576213944
      vertex -5.2 -15.102511537925382 -2.7989566077353274
      vertex -5.071240511296327 -15.119463046201298 -2.7989566077353274
    endloop
  endfacet
  facet normal 0.49892023402452507 -0.06568409490621702 0.8641551942546339
    outer loop
      vertex -4.435576097773389 -15.804826767276667 -2.9686406576213944
      vertex -4.408610142288663 -15.6 -2.9686406576213944
      vertex -4.702511537925384 -15.6 -2.7989566077353274
    endloop
  endfacet
  facet normal 0.49892023402452507 0.06568409490621702 0.8641551942546339
    outer loop
      vertex -4.408610142288663 -15.6 -2.9686406576213944
      vertex -4.435576097773389 -15.395173232723332 -2.9686406576213944
      vertex -4.702511537925384 -15.6 -2.7989566077353274
    endloop
  endfacet
  facet normal 0.831469610500342 0.5555702357167899 0
    outer loop
      vertex -11.2520240098238 -8.53051371127367 -6.11
      vertex -11.339230485260487 -8.399999998509884 -6.11
      vertex -11.339230485260487 -8.399999998509884 -4
    endloop
  endfacet
  facet normal 0.8968727369300095 0.44228869955231087 0
    outer loop
      vertex -11.339230485260487 -8.399999998509884 -6.11
      vertex -11.408655442297459 -8.259220115840435 -6.11
      vertex -11.408655442297459 -8.259220115840435 -4
    endloop
  endfacet
  facet normal 0.7518398060333286 0.6593458167485153 0
    outer loop
      vertex -11.148528136312962 -8.648528136312962 -6.11
      vertex -11.2520240098238 -8.53051371127367 -6.11
      vertex -11.2520240098238 -8.53051371127367 -4
    endloop
  endfacet
  facet normal 0.5555702357167899 0.831469610500342 0
    outer loop
      vertex -10.899999998509884 -8.839230485260487 -6.11
      vertex -11.03051371127367 -8.7520240098238 -6.11
      vertex -11.03051371127367 -8.7520240098238 -4
    endloop
  endfacet
  facet normal 0.44228869955231087 0.8968727369300095 0
    outer loop
      vertex -10.759220115840435 -8.908655442297459 -6.11
      vertex -10.899999998509884 -8.839230485260487 -6.11
      vertex -10.899999998509884 -8.839230485260487 -4
    endloop
  endfacet
  facet normal 0.6593458167485153 0.7518398060333286 0
    outer loop
      vertex -11.03051371127367 -8.7520240098238 -6.11
      vertex -11.148528136312962 -8.648528136312962 -6.11
      vertex -11.148528136312962 -8.648528136312962 -4
    endloop
  endfacet
  facet normal 0.9469301387052739 0.3214394381708797 0
    outer loop
      vertex -11.408655442297459 -8.259220115840435 -6.11
      vertex -11.459110990166664 -8.11058285087347 -6.11
      vertex -11.459110990166664 -8.11058285087347 -4
    endloop
  endfacet
  facet normal 0.9807852825492541 0.19509031122733816 0
    outer loop
      vertex -11.459110990166664 -8.11058285087347 -6.11
      vertex -11.489733830094337 -7.956631429493427 -6.11
      vertex -11.489733830094337 -7.956631429493427 -4
    endloop
  endfacet
  facet normal 0.9978589218101567 0.0654031510240261 0
    outer loop
      vertex -11.489733830094337 -7.956631429493427 -6.11
      vertex -11.5 -7.799999997019768 -6.11
      vertex -11.5 -7.799999997019768 -4
    endloop
  endfacet
  facet normal 0.3214394381708797 0.9469301387052739 0
    outer loop
      vertex -10.61058285087347 -8.959110990166664 -6.11
      vertex -10.759220115840435 -8.908655442297459 -6.11
      vertex -10.759220115840435 -8.908655442297459 -4
    endloop
  endfacet
  facet normal 0.19509031122733816 0.9807852825492541 0
    outer loop
      vertex -10.456631429493427 -8.989733830094337 -6.11
      vertex -10.61058285087347 -8.959110990166664 -6.11
      vertex -10.61058285087347 -8.959110990166664 -4
    endloop
  endfacet
  facet normal 0.0654031510240261 0.9978589218101567 0
    outer loop
      vertex -10.299999997019768 -9 -6.11
      vertex -10.456631429493427 -8.989733830094337 -6.11
      vertex -10.456631429493427 -8.989733830094337 -4
    endloop
  endfacet
  facet normal 0 1 0
    outer loop
      vertex -0.25 -9 -6.11
      vertex -10.299999997019768 -9 -6.11
      vertex -10.299999997019768 -9 -4
    endloop
  endfacet
  facet normal 0.8968727369300095 0.44228869955231087 0
    outer loop
      vertex -11.339230485260487 -8.399999998509884 -6.11
      vertex -11.408655442297459 -8.259220115840435 -4
      vertex -11.339230485260487 -8.399999998509884 -4
    endloop
  endfacet
  facet normal 0.7518398060333286 0.6593458167485153 0
    outer loop
      vertex -11.148528136312962 -8.648528136312962 -6.11
      vertex -11.2520240098238 -8.53051371127367 -4
      vertex -11.148528136312962 -8.648528136312962 -4
    endloop
  endfacet
  facet normal 0.831469610500342 0.5555702357167899 0
    outer loop
      vertex -11.2520240098238 -8.53051371127367 -6.11
      vertex -11.339230485260487 -8.399999998509884 -4
      vertex -11.2520240098238 -8.53051371127367 -4
    endloop
  endfacet
  facet normal 0.6593458167485153 0.7518398060333286 0
    outer loop
      vertex -11.03051371127367 -8.7520240098238 -6.11
      vertex -11.148528136312962 -8.648528136312962 -4
      vertex -11.03051371127367 -8.7520240098238 -4
    endloop
  endfacet
  facet normal 0.5555702357167899 0.831469610500342 0
    outer loop
      vertex -10.899999998509884 -8.839230485260487 -6.11
      vertex -11.03051371127367 -8.7520240098238 -4
      vertex -10.899999998509884 -8.839230485260487 -4
    endloop
  endfacet
  facet normal 0.44228869955231087 0.8968727369300095 0
    outer loop
      vertex -10.759220115840435 -8.908655442297459 -6.11
      vertex -10.899999998509884 -8.839230485260487 -4
      vertex -10.759220115840435 -8.908655442297459 -4
    endloop
  endfacet
  facet normal 0.9469301387052739 0.3214394381708797 0
    outer loop
      vertex -11.408655442297459 -8.259220115840435 -6.11
      vertex -11.459110990166664 -8.11058285087347 -4
      vertex -11.408655442297459 -8.259220115840435 -4
    endloop
  endfacet
  facet normal 0.9807852825492541 0.19509031122733816 0
    outer loop
      vertex -11.459110990166664 -8.11058285087347 -6.11
      vertex -11.489733830094337 -7.956631429493427 -4
      vertex -11.459110990166664 -8.11058285087347 -4
    endloop
  endfacet
  facet normal 0.9978589218101567 0.0654031510240261 0
    outer loop
      vertex -11.489733830094337 -7.956631429493427 -6.11
      vertex -11.5 -7.799999997019768 -4
      vertex -11.489733830094337 -7.956631429493427 -4
    endloop
  endfacet
  facet normal 0.3214394381708797 0.9469301387052739 0
    outer loop
      vertex -10.61058285087347 -8.959110990166664 -6.11
      vertex -10.759220115840435 -8.908655442297459 -4
      vertex -10.61058285087347 -8.959110990166664 -4
    endloop
  endfacet
  facet normal 0.19509031122733816 0.9807852825492541 0
    outer loop
      vertex -10.456631429493427 -8.989733830094337 -6.11
      vertex -10.61058285087347 -8.959110990166664 -4
      vertex -10.456631429493427 -8.989733830094337 -4
    endloop
  endfacet
  facet normal 0.0654031510240261 0.9978589218101567 0
    outer loop
      vertex -10.299999997019768 -9 -6.11
      vertex -10.456631429493427 -8.989733830094337 -4
      vertex -10.299999997019768 -9 -4
    endloop
  endfacet
  facet normal 1 0 0
    outer loop
      vertex -11.5 -3.2000000029802322 -4
      vertex -11.5 -7.799999997019768 -4
      vertex -11.5 -7.799999997019768 -6.11
    endloop
  endfacet
  facet normal 1 0 0
    outer loop
      vertex -11.5 -7.799999997019768 -6.11
      vertex -11.5 -3.2000000029802322 -6.11
      vertex -11.5 -3.2000000029802322 -4
    endloop
  endfacet
  facet normal 0.9978589218101567 -0.0654031510240261 0
    outer loop
      vertex -11.489733830094337 -3.0433685705065727 -4
      vertex -11.5 -3.2000000029802322 -6.11
      vertex -11.489733830094337 -3.0433685705065727 -6.11
    endloop
  endfacet
  facet normal 0.9807852825492541 -0.19509031122733816 0
    outer loop
      vertex -11.459110990166664 -2.8894171491265297 -4
      vertex -11.489733830094337 -3.0433685705065727 -6.11
      vertex -11.459110990166664 -2.8894171491265297 -6.11
    endloop
  endfacet
  facet normal 0.9469301387052739 -0.3214394381708797 0
    outer loop
      vertex -11.408655442297459 -2.740779884159565 -4
      vertex -11.459110990166664 -2.8894171491265297 -6.11
      vertex -11.408655442297459 -2.740779884159565 -6.11
    endloop
  endfacet
  facet normal 0.8968727369300095 -0.44228869955231087 0
    outer loop
      vertex -11.408655442297459 -2.740779884159565 -6.11
      vertex -11.339230485260487 -2.600000001490116 -6.11
      vertex -11.339230485260487 -2.600000001490116 -4
    endloop
  endfacet
  facet normal 0.831469610500342 -0.5555702357167899 0
    outer loop
      vertex -11.339230485260487 -2.600000001490116 -6.11
      vertex -11.2520240098238 -2.46948628872633 -6.11
      vertex -11.2520240098238 -2.46948628872633 -4
    endloop
  endfacet
  facet normal 0.7518398060333286 -0.6593458167485153 0
    outer loop
      vertex -11.2520240098238 -2.46948628872633 -6.11
      vertex -11.148528136312962 -2.3514718636870384 -6.11
      vertex -11.148528136312962 -2.3514718636870384 -4
    endloop
  endfacet
  facet normal 0.6593458167485153 -0.7518398060333286 0
    outer loop
      vertex -11.148528136312962 -2.3514718636870384 -6.11
      vertex -11.03051371127367 -2.247975990176201 -6.11
      vertex -11.03051371127367 -2.247975990176201 -4
    endloop
  endfacet
  facet normal 0.5555702357167899 -0.831469610500342 0
    outer loop
      vertex -11.03051371127367 -2.247975990176201 -6.11
      vertex -10.899999998509884 -2.1607695147395134 -6.11
      vertex -10.899999998509884 -2.1607695147395134 -4
    endloop
  endfacet
  facet normal 0.44228869955231087 -0.8968727369300095 0
    outer loop
      vertex -10.899999998509884 -2.1607695147395134 -6.11
      vertex -10.759220115840435 -2.0913445577025414 -6.11
      vertex -10.759220115840435 -2.0913445577025414 -4
    endloop
  endfacet
  facet normal 0.3214394381708797 -0.9469301387052739 0
    outer loop
      vertex -10.759220115840435 -2.0913445577025414 -6.11
      vertex -10.61058285087347 -2.040889009833336 -6.11
      vertex -10.61058285087347 -2.040889009833336 -4
    endloop
  endfacet
  facet normal 0.19509031122733816 -0.9807852825492541 0
    outer loop
      vertex -10.61058285087347 -2.040889009833336 -6.11
      vertex -10.456631429493427 -2.0102661699056625 -6.11
      vertex -10.456631429493427 -2.0102661699056625 -4
    endloop
  endfacet
  facet normal 0.0654031510240261 -0.9978589218101567 0
    outer loop
      vertex -10.456631429493427 -2.0102661699056625 -6.11
      vertex -10.299999997019768 -2 -6.11
      vertex -10.299999997019768 -2 -4
    endloop
  endfacet
  facet normal 0.9978589218101567 -0.0654031510240261 0
    outer loop
      vertex -11.489733830094337 -3.0433685705065727 -4
      vertex -11.5 -3.2000000029802322 -4
      vertex -11.5 -3.2000000029802322 -6.11
    endloop
  endfacet
  facet normal 0.9807852825492541 -0.19509031122733816 0
    outer loop
      vertex -11.459110990166664 -2.8894171491265297 -4
      vertex -11.489733830094337 -3.0433685705065727 -4
      vertex -11.489733830094337 -3.0433685705065727 -6.11
    endloop
  endfacet
  facet normal 0.9469301387052739 -0.3214394381708797 0
    outer loop
      vertex -11.408655442297459 -2.740779884159565 -4
      vertex -11.459110990166664 -2.8894171491265297 -4
      vertex -11.459110990166664 -2.8894171491265297 -6.11
    endloop
  endfacet
  facet normal 0.8968727369300095 -0.44228869955231087 0
    outer loop
      vertex -11.408655442297459 -2.740779884159565 -6.11
      vertex -11.339230485260487 -2.600000001490116 -4
      vertex -11.408655442297459 -2.740779884159565 -4
    endloop
  endfacet
  facet normal 0.831469610500342 -0.5555702357167899 0
    outer loop
      vertex -11.339230485260487 -2.600000001490116 -6.11
      vertex -11.2520240098238 -2.46948628872633 -4
      vertex -11.339230485260487 -2.600000001490116 -4
    endloop
  endfacet
  facet normal 0.7518398060333286 -0.6593458167485153 0
    outer loop
      vertex -11.2520240098238 -2.46948628872633 -6.11
      vertex -11.148528136312962 -2.3514718636870384 -4
      vertex -11.2520240098238 -2.46948628872633 -4
    endloop
  endfacet
  facet normal 0.6593458167485153 -0.7518398060333286 0
    outer loop
      vertex -11.148528136312962 -2.3514718636870384 -6.11
      vertex -11.03051371127367 -2.247975990176201 -4
      vertex -11.148528136312962 -2.3514718636870384 -4
    endloop
  endfacet
  facet normal 0.5555702357167899 -0.831469610500342 0
    outer loop
      vertex -11.03051371127367 -2.247975990176201 -6.11
      vertex -10.899999998509884 -2.1607695147395134 -4
      vertex -11.03051371127367 -2.247975990176201 -4
    endloop
  endfacet
  facet normal 0.44228869955231087 -0.8968727369300095 0
    outer loop
      vertex -10.899999998509884 -2.1607695147395134 -6.11
      vertex -10.759220115840435 -2.0913445577025414 -4
      vertex -10.899999998509884 -2.1607695147395134 -4
    endloop
  endfacet
  facet normal 0.3214394381708797 -0.9469301387052739 0
    outer loop
      vertex -10.759220115840435 -2.0913445577025414 -6.11
      vertex -10.61058285087347 -2.040889009833336 -4
      vertex -10.759220115840435 -2.0913445577025414 -4
    endloop
  endfacet
  facet normal 0.19509031122733816 -0.9807852825492541 0
    outer loop
      vertex -10.61058285087347 -2.040889009833336 -6.11
      vertex -10.456631429493427 -2.0102661699056625 -4
      vertex -10.61058285087347 -2.040889009833336 -4
    endloop
  endfacet
  facet normal 0.0654031510240261 -0.9978589218101567 0
    outer loop
      vertex -10.456631429493427 -2.0102661699056625 -6.11
      vertex -10.299999997019768 -2 -4
      vertex -10.456631429493427 -2.0102661699056625 -4
    endloop
  endfacet
  facet normal 0 -1 0
    outer loop
      vertex -10.299999997019768 -2 -4
      vertex -10.299999997019768 -2 -6.11
      vertex -0.25 -2 -4
    endloop
  endfacet
  facet normal -0.0654031510240261 0.9978589218101567 0
    outer loop
      vertex -0.25 -9 -4
      vertex -0.09336856752634048 -8.989733830094337 -6.11
      vertex -0.25 -9 -6.11
    endloop
  endfacet
  facet normal -0.19509031122733816 0.9807852825492541 0
    outer loop
      vertex -0.09336856752634048 -8.989733830094337 -4
      vertex 0.060582853853702545 -8.959110990166664 -6.11
      vertex -0.09336856752634048 -8.989733830094337 -6.11
    endloop
  endfacet
  facet normal -0.3214394381708797 0.9469301387052739 0
    outer loop
      vertex 0.060582853853702545 -8.959110990166664 -4
      vertex 0.20922011882066727 -8.908655442297459 -6.11
      vertex 0.060582853853702545 -8.959110990166664 -6.11
    endloop
  endfacet
  facet normal -0.44228869955231087 0.8968727369300095 0
    outer loop
      vertex 0.3500000014901161 -8.839230485260487 -6.11
      vertex 0.20922011882066727 -8.908655442297459 -6.11
      vertex 0.20922011882066727 -8.908655442297459 -4
    endloop
  endfacet
  facet normal -0.5555702357167899 0.831469610500342 0
    outer loop
      vertex 0.48051371425390244 -8.7520240098238 -6.11
      vertex 0.3500000014901161 -8.839230485260487 -6.11
      vertex 0.3500000014901161 -8.839230485260487 -4
    endloop
  endfacet
  facet normal -0.6593458167485153 0.7518398060333286 0
    outer loop
      vertex 0.5985281392931938 -8.648528136312962 -6.11
      vertex 0.48051371425390244 -8.7520240098238 -6.11
      vertex 0.48051371425390244 -8.7520240098238 -4
    endloop
  endfacet
  facet normal -0.7518398295631653 0.659345789917878 0
    outer loop
      vertex 0.7020240053534508 -8.53051371127367 -6.11
      vertex 0.5985281392931938 -8.648528136312962 -6.11
      vertex 0.5985281392931938 -8.648528136312962 -4
    endloop
  endfacet
  facet normal -0.8314695885740242 0.555570268531842 0
    outer loop
      vertex 0.7892304882407188 -8.399999998509884 -6.11
      vertex 0.7020240053534508 -8.53051371127367 -6.11
      vertex 0.7020240053534508 -8.53051371127367 -4
    endloop
  endfacet
  facet normal -0.8968727557585646 0.4422886613717767 0
    outer loop
      vertex 0.8586554378271103 -8.259220115840435 -6.11
      vertex 0.7892304882407188 -8.399999998509884 -6.11
      vertex 0.7892304882407188 -8.399999998509884 -4
    endloop
  endfacet
  facet normal -0.9469301242576151 0.3214394807323106 0
    outer loop
      vertex 0.9091109931468964 -8.11058285087347 -6.11
      vertex 0.8586554378271103 -8.259220115840435 -6.11
      vertex 0.8586554378271103 -8.259220115840435 -4
    endloop
  endfacet
  facet normal 0 1 0
    outer loop
      vertex -0.25 -9 -6.11
      vertex -10.299999997019768 -9 -4
      vertex -0.25 -9 -4
    endloop
  endfacet
  facet normal -0.0654031510240261 0.9978589218101567 0
    outer loop
      vertex -0.25 -9 -4
      vertex -0.09336856752634048 -8.989733830094337 -4
      vertex -0.09336856752634048 -8.989733830094337 -6.11
    endloop
  endfacet
  facet normal -0.19509031122733816 0.9807852825492541 0
    outer loop
      vertex -0.09336856752634048 -8.989733830094337 -4
      vertex 0.060582853853702545 -8.959110990166664 -4
      vertex 0.060582853853702545 -8.959110990166664 -6.11
    endloop
  endfacet
  facet normal -0.3214394381708797 0.9469301387052739 0
    outer loop
      vertex 0.060582853853702545 -8.959110990166664 -4
      vertex 0.20922011882066727 -8.908655442297459 -4
      vertex 0.20922011882066727 -8.908655442297459 -6.11
    endloop
  endfacet
  facet normal -0.44228869955231087 0.8968727369300095 0
    outer loop
      vertex 0.3500000014901161 -8.839230485260487 -6.11
      vertex 0.20922011882066727 -8.908655442297459 -4
      vertex 0.3500000014901161 -8.839230485260487 -4
    endloop
  endfacet
  facet normal -0.5555702357167899 0.831469610500342 0
    outer loop
      vertex 0.48051371425390244 -8.7520240098238 -6.11
      vertex 0.3500000014901161 -8.839230485260487 -4
      vertex 0.48051371425390244 -8.7520240098238 -4
    endloop
  endfacet
  facet normal -0.6593458167485153 0.7518398060333286 0
    outer loop
      vertex 0.5985281392931938 -8.648528136312962 -6.11
      vertex 0.48051371425390244 -8.7520240098238 -4
      vertex 0.5985281392931938 -8.648528136312962 -4
    endloop
  endfacet
  facet normal -0.7518398295631653 0.659345789917878 0
    outer loop
      vertex 0.7020240053534508 -8.53051371127367 -6.11
      vertex 0.5985281392931938 -8.648528136312962 -4
      vertex 0.7020240053534508 -8.53051371127367 -4
    endloop
  endfacet
  facet normal -0.8314695885740242 0.555570268531842 0
    outer loop
      vertex 0.7892304882407188 -8.399999998509884 -6.11
      vertex 0.7020240053534508 -8.53051371127367 -4
      vertex 0.7892304882407188 -8.399999998509884 -4
    endloop
  endfacet
  facet normal -0.8968727557585646 0.4422886613717767 0
    outer loop
      vertex 0.8586554378271103 -8.259220115840435 -6.11
      vertex 0.7892304882407188 -8.399999998509884 -4
      vertex 0.8586554378271103 -8.259220115840435 -4
    endloop
  endfacet
  facet normal -0.9469301242576151 0.3214394807323106 0
    outer loop
      vertex 0.9091109931468964 -8.11058285087347 -6.11
      vertex 0.8586554378271103 -8.259220115840435 -4
      vertex 0.9091109931468964 -8.11058285087347 -4
    endloop
  endfacet
  facet normal 0 -1 0
    outer loop
      vertex -10.299999997019768 -2 -6.11
      vertex -0.25 -2 -6.11
      vertex -0.25 -2 -4
    endloop
  endfacet
  facet normal -0.9469301242576151 -0.3214394807323106 0
    outer loop
      vertex 0.8586554378271103 -2.740779884159565 -6.11
      vertex 0.9091109931468964 -2.8894171491265297 -6.11
      vertex 0.9091109931468964 -2.8894171491265297 -4
    endloop
  endfacet
  facet normal -0.7518398295631653 -0.659345789917878 0
    outer loop
      vertex 0.5985281392931938 -2.3514718636870384 -6.11
      vertex 0.7020240053534508 -2.46948628872633 -6.11
      vertex 0.7020240053534508 -2.46948628872633 -4
    endloop
  endfacet
  facet normal -0.8968727557585646 -0.4422886613717767 0
    outer loop
      vertex 0.7892304882407188 -2.600000001490116 -6.11
      vertex 0.8586554378271103 -2.740779884159565 -6.11
      vertex 0.8586554378271103 -2.740779884159565 -4
    endloop
  endfacet
  facet normal -0.8314695885740242 -0.555570268531842 0
    outer loop
      vertex 0.7020240053534508 -2.46948628872633 -6.11
      vertex 0.7892304882407188 -2.600000001490116 -6.11
      vertex 0.7892304882407188 -2.600000001490116 -4
    endloop
  endfacet
  facet normal -0.0654031510240261 -0.9978589218101567 0
    outer loop
      vertex -0.25 -2 -6.11
      vertex -0.09336856752634048 -2.0102661699056625 -6.11
      vertex -0.09336856752634048 -2.0102661699056625 -4
    endloop
  endfacet
  facet normal -0.19509031122733816 -0.9807852825492541 0
    outer loop
      vertex -0.09336856752634048 -2.0102661699056625 -6.11
      vertex 0.060582853853702545 -2.040889009833336 -6.11
      vertex 0.060582853853702545 -2.040889009833336 -4
    endloop
  endfacet
  facet normal -0.3214394381708797 -0.9469301387052739 0
    outer loop
      vertex 0.060582853853702545 -2.040889009833336 -6.11
      vertex 0.20922011882066727 -2.0913445577025414 -6.11
      vertex 0.20922011882066727 -2.0913445577025414 -4
    endloop
  endfacet
  facet normal -0.44228869955231087 -0.8968727369300095 0
    outer loop
      vertex 0.20922011882066727 -2.0913445577025414 -6.11
      vertex 0.3500000014901161 -2.1607695147395134 -6.11
      vertex 0.3500000014901161 -2.1607695147395134 -4
    endloop
  endfacet
  facet normal -0.5555702357167899 -0.831469610500342 0
    outer loop
      vertex 0.3500000014901161 -2.1607695147395134 -6.11
      vertex 0.48051371425390244 -2.247975990176201 -6.11
      vertex 0.48051371425390244 -2.247975990176201 -4
    endloop
  endfacet
  facet normal -0.6593458167485153 -0.7518398060333286 0
    outer loop
      vertex 0.48051371425390244 -2.247975990176201 -6.11
      vertex 0.5985281392931938 -2.3514718636870384 -6.11
      vertex 0.5985281392931938 -2.3514718636870384 -4
    endloop
  endfacet
  facet normal -0.7518398295631653 -0.659345789917878 0
    outer loop
      vertex 0.5985281392931938 -2.3514718636870384 -6.11
      vertex 0.7020240053534508 -2.46948628872633 -4
      vertex 0.5985281392931938 -2.3514718636870384 -4
    endloop
  endfacet
  facet normal -0.9469301242576151 -0.3214394807323106 0
    outer loop
      vertex 0.8586554378271103 -2.740779884159565 -6.11
      vertex 0.9091109931468964 -2.8894171491265297 -4
      vertex 0.8586554378271103 -2.740779884159565 -4
    endloop
  endfacet
  facet normal -0.8968727557585646 -0.4422886613717767 0
    outer loop
      vertex 0.7892304882407188 -2.600000001490116 -6.11
      vertex 0.8586554378271103 -2.740779884159565 -4
      vertex 0.7892304882407188 -2.600000001490116 -4
    endloop
  endfacet
  facet normal -0.8314695885740242 -0.555570268531842 0
    outer loop
      vertex 0.7020240053534508 -2.46948628872633 -6.11
      vertex 0.7892304882407188 -2.600000001490116 -4
      vertex 0.7020240053534508 -2.46948628872633 -4
    endloop
  endfacet
  facet normal -0.0654031510240261 -0.9978589218101567 0
    outer loop
      vertex -0.25 -2 -6.11
      vertex -0.09336856752634048 -2.0102661699056625 -4
      vertex -0.25 -2 -4
    endloop
  endfacet
  facet normal -0.19509031122733816 -0.9807852825492541 0
    outer loop
      vertex -0.09336856752634048 -2.0102661699056625 -6.11
      vertex 0.060582853853702545 -2.040889009833336 -4
      vertex -0.09336856752634048 -2.0102661699056625 -4
    endloop
  endfacet
  facet normal -0.3214394381708797 -0.9469301387052739 0
    outer loop
      vertex 0.060582853853702545 -2.040889009833336 -6.11
      vertex 0.20922011882066727 -2.0913445577025414 -4
      vertex 0.060582853853702545 -2.040889009833336 -4
    endloop
  endfacet
  facet normal -0.44228869955231087 -0.8968727369300095 0
    outer loop
      vertex 0.20922011882066727 -2.0913445577025414 -6.11
      vertex 0.3500000014901161 -2.1607695147395134 -4
      vertex 0.20922011882066727 -2.0913445577025414 -4
    endloop
  endfacet
  facet normal -0.5555702357167899 -0.831469610500342 0
    outer loop
      vertex 0.3500000014901161 -2.1607695147395134 -6.11
      vertex 0.48051371425390244 -2.247975990176201 -4
      vertex 0.3500000014901161 -2.1607695147395134 -4
    endloop
  endfacet
  facet normal -0.6593458167485153 -0.7518398060333286 0
    outer loop
      vertex 0.48051371425390244 -2.247975990176201 -6.11
      vertex 0.5985281392931938 -2.3514718636870384 -4
      vertex 0.48051371425390244 -2.247975990176201 -4
    endloop
  endfacet
  facet normal -0.9807852825492541 0.19509031122733816 0
    outer loop
      vertex 0.9397338330745697 -7.956631429493427 -6.11
      vertex 0.9091109931468964 -8.11058285087347 -6.11
      vertex 0.9091109931468964 -8.11058285087347 -4
    endloop
  endfacet
  facet normal -0.9978589218101567 0.0654031510240261 0
    outer loop
      vertex 0.9500000029802322 -7.799999997019768 -6.11
      vertex 0.9397338330745697 -7.956631429493427 -6.11
      vertex 0.9397338330745697 -7.956631429493427 -4
    endloop
  endfacet
  facet normal -1 0 0
    outer loop
      vertex 0.9500000029802322 -7.799999997019768 -6.11
      vertex 0.9500000029802322 -7.799999997019768 -4
      vertex 0.9500000029802322 -3.2000000029802322 -6.11
    endloop
  endfacet
  facet normal -0.9807852825492541 0.19509031122733816 0
    outer loop
      vertex 0.9397338330745697 -7.956631429493427 -6.11
      vertex 0.9091109931468964 -8.11058285087347 -4
      vertex 0.9397338330745697 -7.956631429493427 -4
    endloop
  endfacet
  facet normal -0.9978589218101567 0.0654031510240261 0
    outer loop
      vertex 0.9500000029802322 -7.799999997019768 -6.11
      vertex 0.9397338330745697 -7.956631429493427 -4
      vertex 0.9500000029802322 -7.799999997019768 -4
    endloop
  endfacet
  facet normal -0.9978589218101567 -0.0654031510240261 0
    outer loop
      vertex 0.9397338330745697 -3.0433685705065727 -6.11
      vertex 0.9500000029802322 -3.2000000029802322 -6.11
      vertex 0.9500000029802322 -3.2000000029802322 -4
    endloop
  endfacet
  facet normal -0.9807852825492541 -0.19509031122733816 0
    outer loop
      vertex 0.9091109931468964 -2.8894171491265297 -6.11
      vertex 0.9397338330745697 -3.0433685705065727 -6.11
      vertex 0.9397338330745697 -3.0433685705065727 -4
    endloop
  endfacet
  facet normal -1 0 0
    outer loop
      vertex 0.9500000029802322 -3.2000000029802322 -4
      vertex 0.9500000029802322 -3.2000000029802322 -6.11
      vertex 0.9500000029802322 -7.799999997019768 -4
    endloop
  endfacet
  facet normal -0.9978589218101567 -0.0654031510240261 0
    outer loop
      vertex 0.9397338330745697 -3.0433685705065727 -6.11
      vertex 0.9500000029802322 -3.2000000029802322 -4
      vertex 0.9397338330745697 -3.0433685705065727 -4
    endloop
  endfacet
  facet normal -0.9807852825492541 -0.19509031122733816 0
    outer loop
      vertex 0.9091109931468964 -2.8894171491265297 -6.11
      vertex 0.9397338330745697 -3.0433685705065727 -4
      vertex 0.9091109931468964 -2.8894171491265297 -4
    endloop
  endfacet
endsolid OpenSCAD_Model
